filename,character,content
[cd01-0000][00.00.00-00.04.00].ogg,,週末何してますか? 忙しいですか? 救ってもらっていいですか?
[cd01-0001][00.04.00-00.06.00].ogg,,スペシャルオーディオドラマ
[cd01-0002][00.06.00-00.08.00].ogg,,ショートショート詰め合わせ
[cd01-0003][00.15.00-00.18.00].ogg,,6年8週年! ビレム先生!
[cd01-0004][00.18.00-00.20.00].ogg,,出血編
[cd01-0005][00.22.00-00.24.00].ogg,,起立!
[cd01-0006][00.25.00-00.26.00].ogg,,礼!
[cd01-0007][00.27.00-00.28.00].ogg,,おはよう!
[cd01-0008][00.28.00-00.29.00].ogg,,礼!
[cd01-0009][00.30.00-00.33.00].ogg,,おはようございます! ビレム先生!
[cd01-0010][00.33.00-00.36.00].ogg,,おーす! じゃあ出血取るぞ
[cd01-0011][00.37.00-00.40.00].ogg,,出席番号1番 アイセア・マイゼ・バルガリス
[cd01-0012][00.40.00-00.41.00].ogg,,はーい!
[cd01-0013][00.42.00-00.44.00].ogg,,返事はハイだろ アイセア
[cd01-0014][00.44.00-00.46.00].ogg,,はーい! ビレム先生
[cd01-0015][00.47.00-00.48.00].ogg,,たく
[cd01-0016][00.48.00-00.50.00].ogg,,2番 アルミタ
[cd01-0017][00.50.00-00.51.00].ogg,,アイ!
[cd01-0018][00.51.00-00.53.00].ogg,,アルミタ ハイな
[cd01-0019][00.53.00-00.54.00].ogg,,アイ!
[cd01-0020][00.54.00-00.55.00].ogg,,ハイだ
[cd01-0021][00.58.00-01.00.00].ogg,,アルミタ アイって
[cd01-0022][01.05.00-01.06.00].ogg,,泣かせた
[cd01-0023][01.06.00-01.07.00].ogg,,泣かせたっすね
[cd01-0024][01.08.00-01.09.00].ogg,,泣かせたわね
[cd01-0025][01.10.00-01.12.00].ogg,,俺のせいか? そうなのか?
[cd01-0026][01.13.00-01.16.00].ogg,,あー俺が悪かったから 泣くなアルミタ
[cd01-0027][01.16.00-01.18.00].ogg,,なっ なー
[cd01-0028][01.23.00-01.26.00].ogg,,ナイグラウトのトロトロクッキング
[cd01-0029][01.26.00-01.30.00].ogg,,絶品 イケメン男子の筋肉のハーブパイ包み
[cd01-0030][01.31.00-01.33.00].ogg,,みなさーん こんにちは
[cd01-0031][01.33.00-01.36.00].ogg,,楽しいお料理のお時間でーす
[cd01-0032][01.37.00-01.41.00].ogg,,進行は私 ちょっぴりお釈迦の食いしん坊トロール
[cd01-0033][01.41.00-01.43.00].ogg,,ナイグラウトと
[cd01-0034][01.43.00-01.48.00].ogg,,ちょっぴり影の薄い天然系女子のラキシュが担当しまーす
[cd01-0035][01.49.00-01.54.00].ogg,,まずは 生きのいいイケメン男子のお肉を用意します
[cd01-0036][01.54.00-01.55.00].ogg,,出せー
[cd01-0037][01.56.00-02.00.00].ogg,,具体的には どういうタイプのイケメンがいいんでしょう
[cd01-0038][02.01.00-02.06.00].ogg,,そうですねー 黒髪でクリーロの瞳の18歳くらい
[cd01-0039][02.06.00-02.12.00].ogg,,長期間熟成された筋肉質で脂身の少ないお人良しが最高ですね
[cd01-0040][02.16.00-02.18.00].ogg,,えっ 食材が逃げた?
[cd01-0041][02.18.00-02.22.00].ogg,,もうー スタッフー 何やってるのー
[cd01-0042][02.22.00-02.24.00].ogg,,しょうがない ちょっと捕まえてくるわね
[cd01-0043][02.25.00-02.30.00].ogg,,えっ えー ナイグラウトさーん
[cd01-0044][02.30.00-02.32.00].ogg,,うああああ
[cd01-0045][02.36.00-02.38.00].ogg,,5号 チャットケージ
[cd01-0046][02.38.00-02.40.00].ogg,,実験編
[cd01-0047][02.43.00-02.45.00].ogg,,天変だ チャットケージ
[cd01-0048][02.45.00-02.46.00].ogg,,どうしたんだ コロン君
[cd01-0049][02.46.00-02.48.00].ogg,,何? 出動だ コロン君
[cd01-0050][02.53.00-02.56.00].ogg,,観察官のパニバル君 説明を
[cd01-0051][02.56.00-02.58.00].ogg,,会社は ビレムクメ主
[cd01-0052][02.58.00-03.03.00].ogg,,シーンは右腕を噛みちぎられたことによる触性失血死です
[cd01-0053][03.04.00-03.06.00].ogg,,噛みちぎるだと?
[cd01-0054][03.06.00-03.10.00].ogg,,第一発見者はトロールのナイグラウト
[cd01-0055][03.10.00-03.12.00].ogg,,ナイグラウトです
[cd01-0056][03.12.00-03.14.00].ogg,,って発見時の状況は?
[cd01-0057][03.14.00-03.18.00].ogg,,深夜スタジオ出たら人が倒れていたんです
[cd01-0058][03.18.00-03.20.00].ogg,,あまりの多いし
[cd01-0059][03.20.00-03.22.00].ogg,,ちっ じゃなくてショックで
[cd01-0060][03.22.00-03.24.00].ogg,,私びっくりしちゃった
[cd01-0061][03.24.00-03.28.00].ogg,,深夜人がいない時間を狙っての犯行か
[cd01-0062][03.28.00-03.30.00].ogg,,おや?
[cd01-0063][03.30.00-03.32.00].ogg,,おときさんの指先のこれを
[cd01-0064][03.32.00-03.34.00].ogg,,何かを見つけたのか
[cd01-0065][03.34.00-03.36.00].ogg,,時間を狙っての犯行か
[cd01-0066][03.36.00-03.38.00].ogg,,おや?
[cd01-0067][03.38.00-03.40.00].ogg,,おときさんの指先のこれは
[cd01-0068][03.40.00-03.42.00].ogg,,こりゃあティアト刑事
[cd01-0069][03.42.00-03.44.00].ogg,,文字ですかね
[cd01-0070][03.48.00-03.50.00].ogg,,読めないな
[cd01-0071][03.50.00-03.54.00].ogg,,コロンさん これ占うという漢字じゃないかしら
[cd01-0072][03.54.00-03.55.00].ogg,,占う?
[cd01-0073][03.55.00-03.57.00].ogg,,さっぱりわからん
[cd01-0074][03.57.00-03.59.00].ogg,,ティアト刑事
[cd01-0075][03.59.00-04.02.00].ogg,,これは血で書かれたダイイングメッセージでは
[cd01-0076][04.02.00-04.04.00].ogg,,そうかパニバル君
[cd01-0077][04.04.00-04.06.00].ogg,,これは事故じゃない
[cd01-0078][04.06.00-04.08.00].ogg,,殺人事件だ
[cd01-0079][04.22.00-04.24.00].ogg,,ピレム先生
[cd01-0080][04.24.00-04.26.00].ogg,,ある見た怪しに出ていっちゃったじゃない
[cd01-0081][04.26.00-04.28.00].ogg,,自習とはラッキー
[cd01-0082][04.28.00-04.30.00].ogg,,レーンはそうかもしれないけど
[cd01-0083][04.30.00-04.32.00].ogg,,私が先生がいないとつまんない
[cd01-0084][04.32.00-04.34.00].ogg,,ところでくどりって
[cd01-0085][04.34.00-04.36.00].ogg,,何月生まれっすか
[cd01-0086][04.36.00-04.38.00].ogg,,突然何を愛せや
[cd01-0087][04.38.00-04.40.00].ogg,,1月だけど
[cd01-0088][04.40.00-04.42.00].ogg,,1月生まれ
[cd01-0089][04.42.00-04.44.00].ogg,,巻くそざのあなたの今日の運勢
[cd01-0090][04.44.00-04.46.00].ogg,,チャラチャロー
[cd01-0091][04.46.00-04.48.00].ogg,,巻き何?
[cd01-0092][04.48.00-04.50.00].ogg,,新しい関係性が生まれる予感
[cd01-0093][04.50.00-04.52.00].ogg,,気になる人がいるなら耳元で
[cd01-0094][04.52.00-04.54.00].ogg,,囁いて大胆にアプローチしてみよう
[cd01-0095][04.54.00-04.56.00].ogg,,耳元?
[cd01-0096][04.56.00-04.58.00].ogg,,無理よそんなの
[cd01-0097][04.58.00-05.00.00].ogg,,アプローチのテーマは汗だくのチクワブ
[cd01-0098][05.00.00-05.02.00].ogg,,身につけると彼と大接近できるかも
[cd01-0099][05.02.00-05.04.00].ogg,,どうやって身につけるのよ
[cd01-0100][05.04.00-05.06.00].ogg,,えぇ
[cd01-0101][05.06.00-05.08.00].ogg,,この占いアプリ当たるんすよ
[cd01-0102][05.08.00-05.10.00].ogg,,いいんすかチャンス逃しても
[cd01-0103][05.10.00-05.12.00].ogg,,くぬぬぬ
[cd01-0104][05.12.00-05.14.00].ogg,,恋愛はチャンスではない
[cd01-0105][05.14.00-05.16.00].ogg,,それは意志
[cd01-0106][05.16.00-05.18.00].ogg,,おーいいこと言うすねレン
[cd01-0107][05.18.00-05.20.00].ogg,,国語の教科書に書いてあった
[cd01-0108][05.20.00-05.22.00].ogg,,すべてくとり
[cd01-0109][05.22.00-05.24.00].ogg,,あなたが決めること
[cd01-0110][05.24.00-05.26.00].ogg,,でも
[cd01-0111][05.26.00-05.28.00].ogg,,チクワブって
[cd01-0112][05.28.00-05.30.00].ogg,,しかし帰ってこないすね
[cd01-0113][05.30.00-05.32.00].ogg,,ビレム先生
[cd01-0114][05.38.00-05.40.00].ogg,,レディース総長物語
[cd01-0115][05.42.00-05.44.00].ogg,,うわーやばそうなの来た
[cd01-0116][05.46.00-05.48.00].ogg,,おい
[cd01-0117][05.48.00-05.50.00].ogg,,こんなとこに人間がいるぞ
[cd01-0118][05.50.00-05.52.00].ogg,,は?ティアット?
[cd01-0119][05.52.00-05.54.00].ogg,,泣くこもだまるレディース軍団
[cd01-0120][05.54.00-05.56.00].ogg,,プディングの縄張りに入ると
[cd01-0121][05.56.00-05.58.00].ogg,,いい度胸じゃねーか人間
[cd01-0122][05.58.00-06.00.00].ogg,,いやチームめかわいいなおい
[cd01-0123][06.00.00-06.02.00].ogg,,ラキッシュさんにでけーくち聞いてじゃねー
[cd01-0124][06.02.00-06.04.00].ogg,,ホタタタタタタタタタタタタタタ
[cd01-0125][06.04.00-06.06.00].ogg,,あぶしい
[cd01-0126][06.06.00-06.08.00].ogg,,全員集合
[cd01-0127][06.08.00-06.10.00].ogg,,うんす パニバルネーサー
[cd01-0128][06.10.00-06.12.00].ogg,,総長のおなりだ
[cd01-0129][06.14.00-06.16.00].ogg,,総長?
[cd01-0130][06.20.00-06.22.00].ogg,,おい
[cd01-0131][06.22.00-06.24.00].ogg,,おいおめえら
[cd01-0132][06.24.00-06.26.00].ogg,,はい
[cd01-0133][06.26.00-06.28.00].ogg,,この声は
[cd01-0134][06.28.00-06.30.00].ogg,,あたいの名前を言ってみな
[cd01-0135][06.30.00-06.32.00].ogg,,まさか
[cd01-0136][06.32.00-06.34.00].ogg,,はい
[cd01-0137][06.34.00-06.36.00].ogg,,刻んだ肉塊は数知れず
[cd01-0138][06.36.00-06.38.00].ogg,,神をも恐れぬその豪亡
[cd01-0139][06.38.00-06.40.00].ogg,,歩いた後には
[cd01-0140][06.40.00-06.42.00].ogg,,屍の山
[cd01-0141][06.42.00-06.44.00].ogg,,天空をかける
[cd01-0142][06.44.00-06.46.00].ogg,,凍える氷
[cd01-0143][06.46.00-06.48.00].ogg,,我らが総長
[cd01-0144][06.48.00-06.50.00].ogg,,レフレン様っす
[cd01-0145][06.50.00-06.52.00].ogg,,そうこのプティングの総長
[cd01-0146][06.52.00-06.54.00].ogg,,レフレンターあたいのことよ
[cd01-0147][06.54.00-06.56.00].ogg,,レ
[cd01-0148][06.56.00-06.58.00].ogg,,レー
[cd01-0149][07.02.00-07.04.00].ogg,,ナイグラートの
[cd01-0150][07.04.00-07.06.00].ogg,,トロトロクッキング
[cd01-0151][07.06.00-07.08.00].ogg,,新鮮な
[cd01-0152][07.08.00-07.10.00].ogg,,成人男性のお肉が手に入りましたよ
[cd01-0153][07.10.00-07.12.00].ogg,,ラキッシュさん
[cd01-0154][07.12.00-07.14.00].ogg,,うわー血が
[cd01-0155][07.14.00-07.16.00].ogg,,滴ってる
[cd01-0156][07.16.00-07.18.00].ogg,,新鮮すぎー
[cd01-0157][07.18.00-07.21.00].ogg,,まずは大きなノコギリを用意
[cd01-0158][07.22.00-07.25.00].ogg,,えっ、ダメ?放送時間?
[cd01-0159][07.25.50-07.28.00].ogg,,ちょっと、スタッフ!
[cd01-0160][07.28.00-07.31.00].ogg,,そこは昼間内でプロコンジを見せなさいよ!
[cd01-0161][07.32.00-07.34.00].ogg,,倫理的に無理?
[cd01-0162][07.34.00-07.38.00].ogg,,いいわよ、じゃあ私が直接プロデューサーと話しつけるから!
[cd01-0163][07.40.00-07.42.00].ogg,,またですか!?
[cd01-0164][07.42.00-07.44.00].ogg,,私が勝手に進行しちゃいますよ!
[cd01-0165][07.44.00-07.48.00].ogg,,ナイゴラートさーん!
[cd01-0166][08.00.00-08.05.00].ogg,,ういうい、あなたの愛せ甘いゼバルガリスの6TAラジオの時間っす!
[cd01-0167][08.05.00-08.07.00].ogg,,早速お電話すよ!
[cd01-0168][08.08.00-08.12.00].ogg,,こんにちは、ラジオネーム悩める妖精です
[cd01-0169][08.12.00-08.19.00].ogg,,あの最近、なんだか友達の個性に埋もれて影が薄いような気がしてて
[cd01-0170][08.19.00-08.25.00].ogg,,うーん、集団生活では優しい子ほど遠慮しちゃって前に出れないっすよね
[cd01-0171][08.25.00-08.30.00].ogg,,でも、それも大事な個性っすから気にする必要はないっす!
[cd01-0172][08.30.00-08.38.00].ogg,,あと、悩める妖精ちゃんが主役になれる瞬間は次シリーズにもちゃんと用意されてるから、万事OKっすよ!
[cd01-0173][08.38.00-08.41.00].ogg,,えー、それ何の予言!?
[cd01-0174][08.43.00-08.46.00].ogg,,号号、チアットケイジ
[cd01-0175][08.46.00-08.48.00].ogg,,推理編
[cd01-0176][08.49.00-08.53.00].ogg,,占うとは、一体どういう意味だろ、コロン君
[cd01-0177][08.53.00-08.58.00].ogg,,分かりました、チアットケイジ!犯人は占い師ですよ!
[cd01-0178][08.58.00-09.02.00].ogg,,催眠術で猛獣を操って仏さんを狙ったんです!
[cd01-0179][09.02.00-09.06.00].ogg,,はぁ、また君は適当なこと言って
[cd01-0180][09.06.00-09.10.00].ogg,,チアットケイジ、目撃者が見つかりました
[cd01-0181][09.10.00-09.12.00].ogg,,なんだと、パニバル君!
[cd01-0182][09.12.00-09.16.00].ogg,,目撃者のネフレンさんです
[cd01-0183][09.16.00-09.26.00].ogg,,私は見た、犯人の大きな体と桃色の髪を、そして聞いた、血に濡れた口から漏れる妖艶な笑い声を
[cd01-0184][09.26.00-09.29.00].ogg,,ふふ、おっかないわね
[cd01-0185][09.29.00-09.34.00].ogg,,しかし、手がかりがこれだけじゃ手詰まりですよ、チアットケイジ!
[cd01-0186][09.34.00-09.38.00].ogg,,そうか、謎はすべて解けた!
[cd01-0187][09.38.00-09.42.00].ogg,,6年80人、ビレム先生!
[cd01-0188][09.42.00-09.46.00].ogg,,女子高一編
[cd01-0189][09.46.00-09.49.00].ogg,,次は退屈ねー!
[cd01-0190][09.49.00-09.52.00].ogg,,うー、あっ、クートリー、なんすかそれ
[cd01-0191][09.52.00-09.57.00].ogg,,ポッケに仕組んだチクワブが、べちょべちょになっちゃったのよ
[cd01-0192][09.57.00-09.59.00].ogg,,本当にやったんすか?
[cd01-0193][09.59.00-10.02.00].ogg,,気持ちいいよ、チクワブ
[cd01-0194][10.02.00-10.06.00].ogg,,結局先生は戻ってこなかったし、聞き目ないな、チクワブ
[cd01-0195][10.06.00-10.09.00].ogg,,まあ、そのうちいいことあるっすよ
[cd01-0196][10.09.00-10.12.00].ogg,,もう、ねえ、日焼け止め塗ってくれる?
[cd01-0197][10.12.00-10.17.00].ogg,,ういういっと、このキャップ、うっかないー
[cd01-0198][10.17.00-10.19.00].ogg,,うー、あっ、出た
[cd01-0199][10.19.00-10.23.00].ogg,,うわ、やだ、こんなに飛んで、胸がべちゃべちゃ
[cd01-0200][10.23.00-10.26.00].ogg,,いいっすよ、チクワブ
[cd01-0201][10.26.00-10.30.00].ogg,,うい、あ、いっせや、胸にはそうめんに塗らなくてもいい
[cd01-0202][10.30.00-10.34.00].ogg,,体操技の隙間から胸元にも結構日差しが入るもんっすよ
[cd01-0203][10.34.00-10.40.00].ogg,,うう、やだもー
[cd01-0204][10.40.00-10.44.00].ogg,,はい、完了、次は私の番っす
[cd01-0205][10.44.00-10.49.00].ogg,,腕と背中を重点的に頼むっす
[cd01-0206][10.49.00-10.52.00].ogg,,あ、あ、あ、あ、あ、あ、あ、あ、あ、あ、あ、あ、あ、あ、あ、あ、あ、あ、あ、あ、あ、あ、あ、あ、あ、あ、あ、あ、あ、あ
[cd01-0207][10.52.00-10.54.82].ogg,,腕と背中を重点的に頼むっす
[cd01-0208][11.00.82-11.02.52].ogg,,ん?何今の?
[cd01-0209][11.02.52-11.06.04].ogg,,二の腕の裏側がどうも弱くて
[cd01-0210][11.06.04-11.08.24].ogg,,んー?じゃあここ?
[cd01-0211][11.08.24-11.10.48].ogg,,うわー!マジ勘弁っす!
[cd01-0212][11.10.48-11.13.04].ogg,,良いではないか良いではないかー
[cd01-0213][11.13.04-11.14.92].ogg,,ほら!やめなさいって!
[cd01-0214][11.17.16-11.19.04].ogg,,父はただの肉介
[cd01-0215][11.19.04-11.20.16].ogg,,え?
[cd01-0216][11.20.16-11.22.40].ogg,,つまり無用の長物
[cd01-0217][11.22.40-11.24.96].ogg,,ああ…
[cd01-0218][11.24.96-11.26.68].ogg,,体育始まるから
[cd01-0219][11.28.56-11.29.92].ogg,,肉介?
[cd01-0220][11.33.84-11.36.68].ogg,,続 レディース総長物語
[cd01-0221][11.38.24-11.40.28].ogg,,ネフレン総長
[cd01-0222][11.40.28-11.43.04].ogg,,ごしょごしょごしょごしょ
[cd01-0223][11.43.04-11.45.48].ogg,,あん?人間?
[cd01-0224][11.45.48-11.48.48].ogg,,ほら!総長に面を見せしろ!
[cd01-0225][11.48.52-11.50.48].ogg,,ああ!離せコロン!
[cd01-0226][11.50.48-11.53.36].ogg,,レン!俺だ!ビレムだ!
[cd01-0227][11.53.36-11.54.68].ogg,,ビレムだと?
[cd01-0228][11.54.68-11.57.32].ogg,,なあお前みたいな小さな子が
[cd01-0229][11.57.32-11.58.96].ogg,,こんなことやっちゃダメだ
[cd01-0230][11.58.96-12.02.32].ogg,,こういうのはもっと大人なお姉さんたちに任せてだな
[cd01-0231][12.02.32-12.04.32].ogg,,じゃかもしいわボケー!
[cd01-0232][12.04.32-12.05.76].ogg,,ベッシュ!
[cd01-0233][12.05.76-12.07.36].ogg,,てめえも結局
[cd01-0234][12.07.36-12.10.68].ogg,,今はしき肉介を好む飲酒ってわけか
[cd01-0235][12.10.68-12.13.52].ogg,,なに?何の話?
[cd01-0236][12.13.52-12.16.20].ogg,,どうしやすか総長
[cd01-0237][12.16.20-12.17.36].ogg,,した
[cd01-0238][12.17.36-12.19.56].ogg,,らっしゃした
[cd01-0239][12.19.56-12.21.60].ogg,,した?したって…
[cd01-0240][12.21.60-12.22.48].ogg,,ああちょちょちょ
[cd01-0241][12.22.48-12.24.48].ogg,,おい!どこに連れていくつもりだ?
[cd01-0242][12.24.48-12.25.28].ogg,,あおい!
[cd01-0243][12.25.28-12.27.20].ogg,,ああ…ま…まさか
[cd01-0244][12.27.20-12.28.08].ogg,,あっ
[cd01-0245][12.28.08-12.30.24].ogg,,あああああああ
[cd01-0246][12.32.40-12.34.04].ogg,,値は止まらない
[cd01-0247][12.34.04-12.37.24].ogg,,全ての肉介を滅ぼすその時まで
[cd01-0248][12.39.72-12.42.24].ogg,,ゴーゴー ティアット掲示
[cd01-0249][12.42.24-12.43.44].ogg,,解決編
[cd01-0250][12.44.44-12.47.44].ogg,,犯人はお前だ!ナイグラート!
[cd01-0251][12.47.44-12.49.68].ogg,,第一発見者が犯人!
[cd01-0252][12.49.68-12.50.88].ogg,,ベタだな
[cd01-0253][12.50.88-12.53.20].ogg,,えっ?あ…あら!
[cd01-0254][12.53.20-12.54.72].ogg,,何の証拠があって?
[cd01-0255][12.54.72-12.56.32].ogg,,大きな体
[cd01-0256][12.56.32-12.57.80].ogg,,桃色の髪
[cd01-0257][12.57.80-12.59.68].ogg,,妖艶な声
[cd01-0258][12.59.68-13.02.48].ogg,,全てあなたの特徴に合致している
[cd01-0259][13.02.48-13.04.00].ogg,,いいがかりよ!
[cd01-0260][13.04.00-13.08.48].ogg,,ならウラナウというあのダイイングメッセージはどう説明するつもり?
[cd01-0261][13.08.48-13.10.96].ogg,,これはウラナウの文字ではない
[cd01-0262][13.10.96-13.12.12].ogg,,なに?
[cd01-0263][13.12.60-13.15.72].ogg,,カタカナのトとロだ
[cd01-0264][13.15.72-13.17.96].ogg,,ト…ロ…
[cd01-0265][13.17.96-13.19.00].ogg,,まさか!
[cd01-0266][13.19.00-13.21.32].ogg,,トロール!?
[cd01-0267][13.21.32-13.24.68].ogg,,おとけさんは最後の力を振り絞って
[cd01-0268][13.24.68-13.27.72].ogg,,犯人の正体を残そうとした
[cd01-0269][13.27.72-13.31.76].ogg,,種族っていう絶対的な特徴をな
[cd01-0270][13.31.76-13.33.56].ogg,,ガクッ
[cd01-0271][13.33.56-13.38.36].ogg,,ただ美味しいお肉が食べたかっただけなのに…
[cd01-0272][13.38.36-13.41.80].ogg,,ナイグラート殺人容疑で逮捕する
[cd01-0273][13.41.80-13.43.16].ogg,,ガクッ
[cd01-0274][13.45.80-13.49.24].ogg,,ナイグラートさん戻ってこないなぁ
[cd01-0275][13.49.24-13.51.88].ogg,,このままじゃ放送終わっちゃうよ
[cd01-0276][13.51.88-13.54.04].ogg,,チーン
[cd01-0277][13.54.04-13.55.00].ogg,,お?
[cd01-0278][13.55.00-13.56.60].ogg,,番組の途中ですが
[cd01-0279][13.56.60-13.58.92].ogg,,臨時ニュースをお知らせします
[cd01-0280][13.58.92-14.02.60].ogg,,世間を騒がせていた量気殺人犯が逮捕されました
[cd01-0281][14.02.60-14.07.56].ogg,,犯人ナイグラートは生放送の料理番組で使用する食材確保のため
[cd01-0282][14.07.56-14.10.04].ogg,,犯行人を呼んだと思われます
[cd01-0283][14.10.12-14.12.60].ogg,,本当に怖いですね
[cd01-0284][14.12.60-14.15.40].ogg,,えっ番組打ち切り?
[cd01-0285][14.15.40-14.18.28].ogg,,それとも交番?
[cd01-0286][14.18.28-14.19.88].ogg,,交番ね!
[cd01-0287][14.19.88-14.21.48].ogg,,やったわ!
[cd01-0288][14.21.48-14.24.52].ogg,,私が主役!
[cd01-0289][14.24.52-14.26.20].ogg,,それじゃあ皆さん
[cd01-0290][14.26.20-14.32.76].ogg,,来週からは新番組ラキシュのふわふわクッキングをお楽しみに
[cd01-0291][14.33.00-14.36.92].ogg,,6年82ビレム先生
[cd01-0292][14.36.92-14.38.92].ogg,,放課後編
[cd01-0293][14.40.92-14.43.64].ogg,,はぁ疲れた
[cd01-0294][14.43.64-14.45.48].ogg,,結局一日
[cd01-0295][14.45.48-14.48.36].ogg,,アルミタの重りで終わってしまった
[cd01-0296][14.48.36-14.50.36].ogg,,ビレム先生
[cd01-0297][14.50.36-14.51.08].ogg,,うわっ!
[cd01-0298][14.51.08-14.52.36].ogg,,くとり!
[cd01-0299][14.52.36-14.53.72].ogg,,ヤダ先生
[cd01-0300][14.53.72-14.55.48].ogg,,びっくりしすぎじゃない?
[cd01-0301][14.55.48-14.57.96].ogg,,耳元で囁くのはやめてくれ
[cd01-0302][14.57.96-14.59.16].ogg,,へぇー
[cd01-0303][14.59.16-15.00.52].ogg,,そう言われたら
[cd01-0304][15.00.76-15.02.76].ogg,,頼むからやめてくれ
[cd01-0305][15.02.76-15.04.76].ogg,,もう下校地獄だろ
[cd01-0306][15.04.76-15.06.04].ogg,,さっさと帰れ
[cd01-0307][15.06.04-15.07.56].ogg,,わかってる
[cd01-0308][15.07.56-15.10.76].ogg,,でも今日は先生ずっといなかったからさ
[cd01-0309][15.10.76-15.14.60].ogg,,帰る前にどうしても顔が見たかったの
[cd01-0310][15.14.60-15.15.56].ogg,,あっ
[cd01-0311][15.15.56-15.16.28].ogg,,あっ
[cd01-0312][15.16.28-15.17.56].ogg,,照れてる
[cd01-0313][15.17.56-15.18.76].ogg,,はぁ
[cd01-0314][15.18.76-15.20.52].ogg,,照れてなんかない
[cd01-0315][15.20.52-15.21.64].ogg,,フフフ
[cd01-0316][15.21.64-15.24.04].ogg,,チクワ部の効果あったかな
[cd01-0317][15.24.04-15.24.84].ogg,,は?
[cd01-0318][15.24.84-15.25.88].ogg,,んんん
[cd01-0319][15.25.88-15.27.08].ogg,,なんでもない
[cd01-0320][15.27.16-15.29.16].ogg,,耳はやめろって言っただろ
[cd01-0321][15.29.16-15.31.16].ogg,,やめないもーう
[cd01-0322][15.31.16-15.33.16].ogg,,フフフフ
[cd01-0323][15.33.16-15.35.16].ogg,,アハハハハ
[cd01-0324][15.35.16-15.37.16].ogg,,はぁ
[cd01-0325][15.37.16-15.38.36].ogg,,たく
[cd01-0326][15.57.08-16.00.04].ogg,,おしまい
[cd02-0000][00.00.00-00.02.00].ogg,,はい、お茶
[cd02-0001][00.02.00-00.04.00].ogg,,すまんな、くとり
[cd02-0002][00.04.00-00.06.00].ogg,,いいえ
[cd02-0003][00.06.00-00.10.00].ogg,,なんかお前、虫の居所でも悪いのか?
[cd02-0004][00.10.00-00.14.00].ogg,,別に、これっぽっちもちっとも機嫌なんて損ねてないですけど
[cd02-0005][00.14.00-00.16.00].ogg,,ああ、そうか
[cd02-0006][00.16.00-00.20.00].ogg,,で、レンはいつまで俺の膝にいるつもりだ?
[cd02-0007][00.20.00-00.22.00].ogg,,この本を読み終えるまで
[cd02-0008][00.22.00-00.24.00].ogg,,いい加減、重いんだがな
[cd02-0009][00.24.00-00.26.00].ogg,,ビレムさん、お茶を頼みます
[cd02-0010][00.26.00-00.28.00].ogg,,うん、そうか
[cd02-0011][00.28.00-00.32.00].ogg,,もう、どうして君はすぐにそうなんでも納得しちゃうのよ
[cd02-0012][00.32.00-00.36.00].ogg,,保護者として、お前らの意思意見を尊重しただけだろ
[cd02-0013][00.36.00-00.38.00].ogg,,娘たちの言うことは絶対だからな
[cd02-0014][00.38.00-00.42.00].ogg,,くっ、くっ、くっ、理感は相変わらずっすね
[cd02-0015][00.42.00-00.45.00].ogg,,この場合、メオと漫才っていうよりも
[cd02-0016][00.45.00-00.47.00].ogg,,お前らの意志を尊重しただけだろ
[cd02-0017][00.47.00-00.49.00].ogg,,娘たちの言うことは絶対だからな
[cd02-0018][00.49.00-00.53.00].ogg,,くっ、くっ、くっ、理感は相変わらずっすね
[cd02-0019][00.53.00-00.56.00].ogg,,この場合、メオと漫才っていうより
[cd02-0020][00.56.00-00.58.00].ogg,,親子漫才って言った方がいいっすか?
[cd02-0021][00.58.00-00.59.00].ogg,,愛せよ!
[cd02-0022][00.59.00-01.03.00].ogg,,メ、メオとって、別に私は
[cd02-0023][01.03.00-01.06.00].ogg,,あ、先輩たち、ここにいたんですね
[cd02-0024][01.06.00-01.10.00].ogg,,ど、どうしたのってやった、そんなに慌てて
[cd02-0025][01.10.00-01.12.00].ogg,,映画です、映画なんです
[cd02-0026][01.12.00-01.13.00].ogg,,映画?
[cd02-0027][01.13.00-01.15.00].ogg,,なんか新作でも見てきたんすか?
[cd02-0028][01.15.00-01.20.00].ogg,,うん、違うな、私映画を撮る
[cd02-0029][01.20.00-01.24.00].ogg,,週末何してますか?忙しいですか?
[cd02-0030][01.24.00-01.26.00].ogg,,救ってもらっていいですか?
[cd02-0031][01.26.00-01.28.00].ogg,,スペシャルオーディオドラマ
[cd02-0032][01.28.00-01.30.00].ogg,,名監督ティアット
[cd02-0033][01.36.00-01.40.00].ogg,,つまり倉庫の掃除等番だったティアットが
[cd02-0034][01.40.00-01.44.00].ogg,,なぜかたくさんしまわれていた映像証石を見つけて
[cd02-0035][01.44.00-01.47.00].ogg,,ナイグラートに使用許可を求めたところ
[cd02-0036][01.47.00-01.51.00].ogg,,あっさりオッケーが出たってわけっすか?
[cd02-0037][01.51.00-01.58.00].ogg,,そうなの、映画、私の大好きな数々の名作
[cd02-0038][01.58.00-02.02.00].ogg,,脱皮する隣人に卵の数だけ抱きしめて
[cd02-0039][02.02.00-02.04.00].ogg,,鱗逆立てるほどの愛
[cd02-0040][02.04.00-02.06.00].ogg,,全然、トガゲ映画じゃねえのか
[cd02-0041][02.06.00-02.09.00].ogg,,私も誰かを感動させる映画が撮りたいって
[cd02-0042][02.09.00-02.12.00].ogg,,前から思ってて、恥ずかしいけど
[cd02-0043][02.12.00-02.15.00].ogg,,ずっと温めてきたストーリーもあるの
[cd02-0044][02.15.00-02.17.00].ogg,,どんな内容?
[cd02-0045][02.17.00-02.21.00].ogg,,えっとね、高貴な身分のお嬢様が
[cd02-0046][02.21.00-02.23.00].ogg,,窮屈なお屋敷を抜け出して
[cd02-0047][02.23.00-02.26.00].ogg,,身分を隠したまま街を散策するの
[cd02-0048][02.26.00-02.28.00].ogg,,ふーんふーん
[cd02-0049][02.28.00-02.31.00].ogg,,普段見ない街の風景に驚きながら
[cd02-0050][02.31.00-02.35.00].ogg,,偶然出会った美男子に一目で恋に落ちる
[cd02-0051][02.35.00-02.39.00].ogg,,だけどそれは実は行き別れのお兄さんだったのよ
[cd02-0052][02.39.00-02.42.00].ogg,,そして男性は死ぬ
[cd02-0053][02.42.00-02.43.00].ogg,,いきなりぶっ飛んだな
[cd02-0054][02.43.00-02.45.00].ogg,,でも、死んだはずの男と
[cd02-0055][02.45.00-02.47.00].ogg,,うり二つの人が現れる
[cd02-0056][02.47.00-02.51.00].ogg,,再びお嬢様はその美男子と恋に落ちるの
[cd02-0057][02.51.00-02.53.00].ogg,,お嬢様、顔で選んでる
[cd02-0058][02.53.00-02.56.00].ogg,,そしてその男も死ぬ
[cd02-0059][02.56.00-02.57.00].ogg,,サステンスなのか?
[cd02-0060][02.57.00-02.59.00].ogg,,もう恋なんてしない
[cd02-0061][02.59.00-03.01.00].ogg,,そう決めたお嬢様だったんだけど
[cd02-0062][03.01.00-03.04.00].ogg,,またまた同じ顔をした美男子がやってくるの
[cd02-0063][03.04.00-03.07.00].ogg,,もはや軽いホラーっすね
[cd02-0064][03.07.00-03.11.00].ogg,,ところがそれはライバル貴族の息子だった
[cd02-0065][03.11.00-03.14.00].ogg,,恋に応じ真実の愛を求めた二人は
[cd02-0066][03.14.00-03.19.00].ogg,,町も身分も捨て、寝庭地へと旅立っていく
[cd02-0067][03.19.00-03.23.00].ogg,,ざっくりとそんなお話、どう?
[cd02-0068][03.23.00-03.26.00].ogg,,まあいいんじゃねえか
[cd02-0069][03.26.00-03.30.00].ogg,,で、でもねってやったら映画を撮るって難しいんじゃないの?
[cd02-0070][03.30.00-03.31.00].ogg,,大丈夫です
[cd02-0071][03.31.00-03.34.00].ogg,,映画を作る映画を見て勉強しました
[cd02-0072][03.34.00-03.36.00].ogg,,ものの本もたくさん読みました
[cd02-0073][03.36.00-03.39.00].ogg,,その恋人同士の役は誰がやるんすか?
[cd02-0074][03.39.00-03.42.00].ogg,,ビレムとクトリ先輩にお願いします
[cd02-0075][03.42.00-03.43.00].ogg,,な、俺と?
[cd02-0076][03.43.00-03.45.00].ogg,,わ、私ですって?
[cd02-0077][03.45.00-03.48.00].ogg,,強くて綺麗でかっこいい
[cd02-0078][03.48.00-03.51.00].ogg,,クトリ先輩は私のイメージぴったりです
[cd02-0079][03.51.00-03.57.00].ogg,,ビレムは他に男の人いないし、まあ引き立て役ならいいかなって
[cd02-0080][03.57.00-03.59.00].ogg,,釣れねえなおい
[cd02-0081][03.59.00-04.02.00].ogg,,そ、そんな急に、できないわよ
[cd02-0082][04.02.00-04.04.00].ogg,,いいじゃねえかクトリ
[cd02-0083][04.04.00-04.06.00].ogg,,ティアットがこんなにやる気になってんだ
[cd02-0084][04.06.00-04.08.00].ogg,,子供の夢に水を刺したくない
[cd02-0085][04.08.00-04.11.00].ogg,,で、でも相手は君なのよ
[cd02-0086][04.11.00-04.17.00].ogg,,も、もし本当に映画みたいな、ら、ラブシーンがあったら
[cd02-0087][04.17.00-04.19.00].ogg,,あったら、あったら
[cd02-0088][04.19.00-04.21.00].ogg,,クトリ、よだれ
[cd02-0089][04.21.00-04.23.00].ogg,,はーい、ティアット監督
[cd02-0090][04.23.00-04.25.00].ogg,,女優さんオッケーみたいっすよ
[cd02-0091][04.25.00-04.28.00].ogg,,ま、待ってよ、まだ私やるなんて
[cd02-0092][04.28.00-04.31.00].ogg,,わー、ありがとうクトリ先輩
[cd02-0093][04.31.00-04.33.00].ogg,,う、うん
[cd02-0094][04.33.00-04.35.00].ogg,,はー
[cd02-0095][04.35.00-04.37.00].ogg,,まあいいわ
[cd02-0096][04.37.00-04.42.00].ogg,,で、でも演技なんてできないし、あまり期待しないでよね
[cd02-0097][04.49.00-04.54.00].ogg,,うーん、いいよ天気、絶好の撮影日より
[cd02-0098][04.54.00-04.57.00].ogg,,監督、人笑いオッケーっす
[cd02-0099][04.57.00-04.59.00].ogg,,ありがとう、著監督
[cd02-0100][04.59.00-05.01.00].ogg,,キャメロマンの準備は?
[cd02-0101][05.01.00-05.04.00].ogg,,撮影機準備よし、いつでもいける
[cd02-0102][05.04.00-05.06.00].ogg,,お前ら順の早いなおい
[cd02-0103][05.06.00-05.09.00].ogg,,撮影には少し興味があった
[cd02-0104][05.09.00-05.14.00].ogg,,そうか、そんで主演女優はどこ行った?
[cd02-0105][05.14.00-05.20.00].ogg,,ちょ、ちょっと、ねえレイ本当にこの格好で撮影するの?
[cd02-0106][05.20.00-05.27.00].ogg,,お嬢様は仕様人になりすまして、お屋敷を出たっていう設定、メイド服を着るのは当たり前
[cd02-0107][05.27.00-05.31.00].ogg,,しかもこれ、スカートの丈短すぎない?
[cd02-0108][05.31.00-05.33.00].ogg,,どこにあったのよもう
[cd02-0109][05.33.00-05.39.00].ogg,,多少はサービスも必要っす、ほらほら議官もなんか言ってあげるっす
[cd02-0110][05.39.00-05.43.00].ogg,,ん?ん、ん、ん、まあ似合ってんじゃねえか
[cd02-0111][05.43.00-05.47.00].ogg,,ほんと?な、ならいいわ
[cd02-0112][05.47.00-05.48.00].ogg,,ちょろい
[cd02-0113][05.48.00-05.55.00].ogg,,じゃあ、ビレームとクトリ先輩にはそこの恋しればみった市に立ってもらって
[cd02-0114][05.55.00-06.00.00].ogg,,おお、ちょいと待てティアット、ざっくりどんな話かは聞いたが台本はどうした?
[cd02-0115][06.00.00-06.03.00].ogg,,セリフがわからなくちゃどうしようもないぞ
[cd02-0116][06.03.00-06.07.00].ogg,,そこは役者さんの感性におまかせ
[cd02-0117][06.07.00-06.08.00].ogg,,お、おまかせ?
[cd02-0118][06.08.00-06.13.00].ogg,,監督のイメージだけ伝えて、あとは役者が感じるままに演じる
[cd02-0119][06.13.00-06.17.00].ogg,,きっとその方がより自然な演技になるはず
[cd02-0120][06.17.00-06.24.00].ogg,,ああ、仕方ねえ、なりゆきに任せるとするか、行くぞクトリ
[cd02-0121][06.24.00-06.28.00].ogg,,ちょ、君本気?ま、ま、まってよ
[cd02-0122][06.30.00-06.36.00].ogg,,それじゃあ、えっと、うんと、シーン3カット10
[cd02-0123][06.36.00-06.40.00].ogg,,なあ監督、よくわからんが順番にやらないでいいもんなのか?
[cd02-0124][06.40.00-06.46.00].ogg,,と、撮れるシーンから撮るのがセオリーなんだから、行くよ、よーい、スタート
[cd02-0125][06.46.00-06.48.00].ogg,,ほい、カチンコット
[cd02-0126][06.49.00-06.52.00].ogg,,まって、まってください美しい人
[cd02-0127][06.52.00-06.57.00].ogg,,え、美しい人?そ、そんなこと急に言われても
[cd02-0128][06.57.00-06.58.00].ogg,,カット
[cd02-0129][06.58.00-07.01.00].ogg,,ダメっすよクトリ、巣が出すぎっす
[cd02-0130][07.01.00-07.03.00].ogg,,だ、だって
[cd02-0131][07.03.00-07.07.00].ogg,,もう一度始めから、それじゃあ、テイクトゥ
[cd02-0132][07.07.00-07.09.00].ogg,,撮影準備よし
[cd02-0133][07.09.00-07.12.00].ogg,,よーい、スタート
[cd02-0134][07.12.00-07.13.00].ogg,,カチンコ
[cd02-0135][07.14.00-07.18.00].ogg,,まってください、そこのお嬢さん、落とし物ですよ
[cd02-0136][07.18.00-07.21.00].ogg,,まあ、ありがとう、お優しい人
[cd02-0137][07.21.00-07.26.00].ogg,,さっきの曲がり角で、私、何かを落としたのかしら
[cd02-0138][07.26.00-07.32.00].ogg,,このハンケーチさ、そしてもう一つ、僕を恋に落としていった
[cd02-0139][07.32.00-07.34.00].ogg,,くっそ
[cd02-0140][07.34.00-07.36.00].ogg,,歯が浮いてきた
[cd02-0141][07.36.00-07.42.00].ogg,,そ、それではお礼に、あそこのカフェで休んでいきましょう
[cd02-0142][07.42.00-07.47.00].ogg,,ん?よく見れば君のその格好、どこかに使えるメイドさんかい?
[cd02-0143][07.47.00-07.52.00].ogg,,ええ、そうですの、ほらあそこの大きなお屋敷の
[cd02-0144][07.52.00-07.59.00].ogg,,そして腕を組み、お店へ行く二人、その後ろ姿をじっくり舐め回すように
[cd02-0145][07.59.00-08.00.00].ogg,,了解
[cd02-0146][08.00.00-08.06.00].ogg,,そうそう、そのままピントをぽかしながら、キャメラを空へバンナップして
[cd02-0147][08.06.00-08.08.00].ogg,,はい、オッケー
[cd02-0148][08.10.00-08.13.00].ogg,,ああ、やれやれ、どうにも緊張するな
[cd02-0149][08.13.00-08.16.00].ogg,,ど、どうだった?私の演技
[cd02-0150][08.16.00-08.20.00].ogg,,ん?う、うん、うん、それは、
[cd02-0151][08.20.00-08.24.00].ogg,,もう最高です、私の思い描いた通りのお芝居でした
[cd02-0152][08.24.00-08.29.00].ogg,,くとり先輩を本当に何をやっても最高です、ね、海星先輩
[cd02-0153][08.29.00-08.39.00].ogg,,ま、まあ味があるというか、癖になるというか、努力している様子は、ひしひしと伝わってくるというか
[cd02-0154][08.39.00-08.41.00].ogg,,撮影場は問題なし
[cd02-0155][08.41.00-08.46.00].ogg,,よーし、この勢いで次のシーンに行くわよ
[cd02-0156][08.50.00-08.55.00].ogg,,次はここの草原で、二人が倒むれるっていうシーンを撮るわ
[cd02-0157][08.55.00-08.59.00].ogg,,うーん、町での初対面から、どうつながっていくんだ?
[cd02-0158][08.59.00-09.01.00].ogg,,えっと、それは
[cd02-0159][09.01.00-09.04.00].ogg,,大丈夫、編集で何とかするから
[cd02-0160][09.04.00-09.06.00].ogg,,ふん
[cd02-0161][09.06.00-09.12.00].ogg,,それじゃあ、ビレムは、くとり先輩と両手を繋いで、楽しそうに輪になって踊って
[cd02-0162][09.12.00-09.16.00].ogg,,ねほりん先輩、キャメラは最後、空にパンナップでよろしくです
[cd02-0163][09.16.00-09.17.00].ogg,,了解
[cd02-0164][09.17.00-09.20.00].ogg,,それじゃあ、よーい
[cd02-0165][09.20.00-09.22.00].ogg,,手、手を、手を
[cd02-0166][09.22.00-09.25.00].ogg,,監督の言うことは絶対だ、やるぞくとり
[cd02-0167][09.25.00-09.28.00].ogg,,そんな急に、ちょ、ちょっと待ってたら
[cd02-0168][09.28.00-09.30.00].ogg,,ドアークション
[cd02-0169][09.30.00-09.33.00].ogg,,アハハ、アハ、アハー
[cd02-0170][09.33.00-09.36.00].ogg,,うふふ、うふふ
[cd02-0171][09.36.00-09.38.00].ogg,,アハハ、アハー
[cd02-0172][09.38.00-09.40.00].ogg,,うふふ
[cd02-0173][09.40.00-09.43.00].ogg,,アハハ、アハハー
[cd02-0174][09.43.00-09.45.00].ogg,,う、ふふ
[cd02-0175][09.45.00-09.50.00].ogg,,ほら、うつむいてないで顔を上げて笑ってないと、楽しそうにならないだろうが
[cd02-0176][09.50.00-09.53.00].ogg,,そ、そんなこと言っても
[cd02-0177][09.54.00-09.57.00].ogg,,うーん
[cd02-0178][09.57.00-09.59.00].ogg,,どうしたの、監督
[cd02-0179][09.59.00-10.01.00].ogg,,あの雲の形
[cd02-0180][10.01.00-10.03.00].ogg,,雲の形?
[cd02-0181][10.03.00-10.06.00].ogg,,あそこに見えてる雲の形が気に入らない
[cd02-0182][10.06.00-10.10.00].ogg,,ここは幸せの象徴として、ハートの形がいいのに
[cd02-0183][10.10.00-10.14.00].ogg,,ストップ、ストップ、雲待ちになるっす
[cd02-0184][10.14.00-10.17.00].ogg,,雲待ち?どういうことだ
[cd02-0185][10.17.00-10.21.00].ogg,,監督が、雲の形が気に入らないって
[cd02-0186][10.21.00-10.23.00].ogg,,ダグウェポンでどうにかならないか
[cd02-0187][10.23.00-10.25.00].ogg,,本気で言ってるの、君
[cd02-0188][10.25.00-10.28.00].ogg,,なるほど、その手があったっすか
[cd02-0189][10.28.00-10.31.00].ogg,,じゃあ、ちょっくらこのバルガリスで
[cd02-0190][10.31.00-10.32.00].ogg,,とぅ
[cd02-0191][10.32.00-10.34.00].ogg,,いつのまに持ってきてたのよ
[cd02-0192][10.34.00-10.39.00].ogg,,小道具として、これも助監督の務め、切ってくらっす
[cd02-0193][10.40.00-10.43.00].ogg,,どあああああった
[cd02-0194][10.45.00-10.49.00].ogg,,おお、雲がハートの形になった
[cd02-0195][10.49.00-10.52.00].ogg,,今が絶好の撮影チャンス
[cd02-0196][10.52.00-10.54.00].ogg,,撮影機、準備完了
[cd02-0197][10.54.00-10.56.00].ogg,,よし、やるぞ、クトリ
[cd02-0198][10.56.00-10.58.00].ogg,,わ、わかった
[cd02-0199][10.59.00-11.01.00].ogg,,う、うふふー、うふふー
[cd02-0200][11.01.00-11.03.00].ogg,,あ、あははー
[cd02-0201][11.03.00-11.07.00].ogg,,大空の上からただいます
[cd02-0202][11.07.00-11.11.00].ogg,,そして、華麗に着地
[cd02-0203][11.11.00-11.12.00].ogg,,きた
[cd02-0204][11.13.00-11.15.00].ogg,,や、やだ、風が
[cd02-0205][11.15.00-11.16.00].ogg,,あああ
[cd02-0206][11.17.00-11.21.00].ogg,,ああ、ク、クトリ先輩の、ば、ばばば
[cd02-0207][11.21.00-11.25.00].ogg,,ありょー、今の風で散らっちゃったっすか
[cd02-0208][11.25.00-11.27.00].ogg,,いたずらの風の妖精
[cd02-0209][11.27.00-11.28.00].ogg,,見た?
[cd02-0210][11.28.00-11.29.00].ogg,,見た
[cd02-0211][11.29.00-11.32.00].ogg,,絶対見えてた、スカートの中見えちゃったでしょ
[cd02-0212][11.32.00-11.34.00].ogg,,いやいや、まったく視界に
[cd02-0213][11.34.00-11.35.00].ogg,,バッチリ撮れてる
[cd02-0214][11.35.00-11.37.00].ogg,,う、う、う、うう
[cd02-0215][11.37.00-11.39.00].ogg,,ああああああ
[cd02-0216][11.39.00-11.44.00].ogg,,だ、大丈夫ですよクトリ先輩、さすがに今のは
[cd02-0217][11.44.00-11.45.00].ogg,,使えないでしょ
[cd02-0218][11.45.00-11.48.00].ogg,,ええ、エンドロールのN人種のところにしか
[cd02-0219][11.48.00-11.49.00].ogg,,使わないで
[cd02-0220][11.49.00-11.52.00].ogg,,まあ、クトリのパンツの色が気になる処刑は
[cd02-0221][11.52.00-11.54.00].ogg,,どうだったらいいか、なんとか
[cd02-0222][11.54.00-11.56.00].ogg,,見なくていい
[cd02-0223][11.57.00-11.58.00].ogg,,じゃあ、次のシーン
[cd02-0224][11.58.00-12.02.00].ogg,,水の上を走ってクトリ先輩の乗ったボートを追い掛ける
[cd02-0225][12.02.00-12.03.00].ogg,,ビレイム
[cd02-0226][12.03.00-12.05.00].ogg,,うおおおおおお
[cd02-0227][12.06.00-12.07.00].ogg,,す、すごい
[cd02-0228][12.07.00-12.08.00].ogg,,疑感が水の上を
[cd02-0229][12.11.00-12.12.00].ogg,,は、
[cd02-0230][12.12.00-12.17.00].ogg,,ジャンプ的な
[cd02-0231][12.18.00-12.19.00].ogg,,…
[cd02-0232][12.19.00-12.20.00].ogg,,あああ
[cd02-0233][12.20.00-12.22.00].ogg,,あ、沈んだ
[cd02-0234][12.24.00-12.27.00].ogg,,クトリ先輩が悪い柄に絡まれているのを
[cd02-0235][12.27.00-12.30.00].ogg,,殺走とビデモが現れてやっつけるシーン
[cd02-0236][12.30.00-12.32.00].ogg,,アクション
[cd02-0237][12.32.00-12.35.00].ogg,,ヨーヨー、兄ちゃん眩いっすね
[cd02-0238][12.35.00-12.39.00].ogg,,ちょっと俺、ちょっと遊んでいくっす
[cd02-0239][12.39.00-12.43.00].ogg,,あ、あれー誰か助けてー
[cd02-0240][12.43.00-12.45.00].ogg,,待ってー
[cd02-0241][12.45.00-12.47.00].ogg,,な、何者っすか
[cd02-0242][12.47.00-12.49.00].ogg,,貴様ら、アクションをやらせて
[cd02-0243][12.49.00-12.52.00].ogg,,貴様ら、悪党に名乗る名前はない
[cd02-0244][12.55.00-12.58.00].ogg,,覚えて嫌がれっす
[cd02-0245][12.59.00-13.01.00].ogg,,おととい、来やがれ
[cd02-0246][13.01.00-13.03.00].ogg,,本当にこんな感じでいいの?
[cd02-0247][13.04.00-13.07.00].ogg,,はい、ビデモ、そこで死んで
[cd02-0248][13.07.00-13.10.00].ogg,,痛い、これマジで痛い
[cd02-0249][13.11.00-13.15.00].ogg,,はい、そこでクトリ先輩、感激のあまり卵を産む
[cd02-0250][13.15.00-13.17.00].ogg,,できないわよ
[cd02-0251][13.20.00-13.23.00].ogg,,最後は妖精倉庫で撮影?
[cd02-0252][13.23.00-13.25.00].ogg,,うん、追ってから逃げてきた二人は
[cd02-0253][13.25.00-13.29.00].ogg,,なんやかんやあって田舎の寄宿舎にやってくる
[cd02-0254][13.29.00-13.33.00].ogg,,そしてなんやかんやあって二人は愛を誓う
[cd02-0255][13.33.00-13.36.00].ogg,,感動的クライマックス
[cd02-0256][13.36.00-13.38.00].ogg,,ああ、念のため聞くが
[cd02-0257][13.38.00-13.40.00].ogg,,どういった経緯でここに来るかとかは
[cd02-0258][13.40.00-13.43.00].ogg,,大丈夫、編集でなんとかするから
[cd02-0259][13.43.00-13.46.00].ogg,,監督、そこの木の下のあたり
[cd02-0260][13.46.00-13.48.00].ogg,,木漏れ日がいい感じ
[cd02-0261][13.48.00-13.50.00].ogg,,おお、確かに
[cd02-0262][13.50.00-13.53.00].ogg,,それじゃあキスシーンはそこで撮りましょう
[cd02-0263][13.53.00-13.56.00].ogg,,え、キスシーン
[cd02-0264][13.57.00-13.59.00].ogg,,ここまで来たんだ、やるしかねえだろ
[cd02-0265][13.59.00-14.02.00].ogg,,ちょ、引っ張らないで
[cd02-0266][14.04.00-14.06.00].ogg,,すごくいい
[cd02-0267][14.06.00-14.09.00].ogg,,木の右を背にするクトリ先輩に
[cd02-0268][14.09.00-14.11.00].ogg,,ぐっと迫るビレーブ
[cd02-0269][14.11.00-14.14.00].ogg,,腕をどんと木に押し付けて
[cd02-0270][14.14.00-14.17.00].ogg,,ネフレ先輩、キャメロ
[cd02-0271][14.17.00-14.19.00].ogg,,大丈夫、すでに撮影してる
[cd02-0272][14.19.00-14.23.00].ogg,,議官も議官でやるときはやるっすねえ
[cd02-0273][14.23.00-14.27.00].ogg,,そこでビレームが包み込むように
[cd02-0274][14.27.00-14.30.00].ogg,,クトリ先輩にキスを
[cd02-0275][14.30.00-14.32.00].ogg,,いいな、クトリ
[cd02-0276][14.32.00-14.35.00].ogg,,ま、待ってたら、冗談なら怒るわよ
[cd02-0277][14.35.00-14.37.00].ogg,,冗談でこんなことするか
[cd02-0278][14.37.00-14.38.00].ogg,,え?
[cd02-0279][14.38.00-14.40.00].ogg,,真似事撮影とはいえ
[cd02-0280][14.40.00-14.42.00].ogg,,ここまでティアットに付き合ってやったんだ
[cd02-0281][14.42.00-14.44.00].ogg,,最後まで面倒を見るのが
[cd02-0282][14.44.00-14.46.00].ogg,,俺らの務めってもんだろ
[cd02-0283][14.46.00-14.49.00].ogg,,いやいやいや、でも、だからって
[cd02-0284][14.49.00-14.51.00].ogg,,この角度なら腕で隠せる
[cd02-0285][14.51.00-14.54.00].ogg,,本当にする必要はねえよ、安心しな
[cd02-0286][14.54.00-14.57.00].ogg,,そんなこと言っても
[cd02-0287][14.57.00-15.00.00].ogg,,こ、こんなに君の顔が
[cd02-0288][15.00.00-15.02.00].ogg,,しっくりんじゃ
[cd02-0289][15.02.00-15.05.00].ogg,,い、息も、かかって
[cd02-0290][15.05.00-15.07.00].ogg,,クトリ
[cd02-0291][15.10.00-15.12.00].ogg,,も、もう
[cd02-0292][15.12.00-15.14.00].ogg,,だめ
[cd02-0293][15.14.00-15.16.00].ogg,,あ、おい、クトリ
[cd02-0294][15.16.00-15.17.00].ogg,,先輩
[cd02-0295][15.17.00-15.18.00].ogg,,キュウ
[cd02-0296][15.18.00-15.20.00].ogg,,クトリ先輩
[cd02-0297][15.20.00-15.23.00].ogg,,クトリ先輩
[cd02-0298][15.32.00-15.33.00].ogg,,ええ、ご本
[cd02-0299][15.33.00-15.36.00].ogg,,本日は私の初監督作品
[cd02-0300][15.36.00-15.38.00].ogg,,さらば愛しき恋人
[cd02-0301][15.38.00-15.40.00].ogg,,恋に恋して愛してるの
[cd02-0302][15.40.00-15.42.00].ogg,,そして、この作品をしているの
[cd02-0303][15.42.00-15.44.00].ogg,,完成披露視者会にお集まりいただき
[cd02-0304][15.44.00-15.47.00].ogg,,誠にありがとうございます
[cd02-0305][15.47.00-15.49.00].ogg,,そんなタイトルだったんすね
[cd02-0306][15.49.00-15.52.00].ogg,,言葉の意味、すごく被ってる
[cd02-0307][15.52.00-15.55.00].ogg,,関係者様だけを集めたこの席で
[cd02-0308][15.55.00-15.59.00].ogg,,いち早くフィルムをご覧いただければと思います
[cd02-0309][15.59.00-16.01.00].ogg,,関係者も何も
[cd02-0310][16.01.00-16.05.00].ogg,,自分たちで撮影して、自分たちで見るだけよね
[cd02-0311][16.05.00-16.07.00].ogg,,それでは上映いたします
[cd02-0312][16.07.00-16.09.00].ogg,,最後までごゆっくりどうぞ
[cd02-0313][16.11.00-16.14.00].ogg,,でも、あんだけ無茶苦茶なシーン乗られず
[cd02-0314][16.14.00-16.16.00].ogg,,まとまってるんすかね
[cd02-0315][16.16.00-16.18.00].ogg,,う、うーん
[cd02-0316][16.18.00-16.20.00].ogg,,ど、どうかな
[cd02-0317][16.20.00-16.22.00].ogg,,レンはどう思う?
[cd02-0318][16.22.00-16.24.00].ogg,,私はただ撮影してただけ
[cd02-0319][16.24.00-16.27.00].ogg,,まあ、結果は賢だろうけどよ
[cd02-0320][16.27.00-16.30.00].ogg,,ティアットのやつ、一生懸命やってたんだ
[cd02-0321][16.30.00-16.32.00].ogg,,ちゃんと見て、拍手してやろうぜ
[cd02-0322][16.32.00-16.34.00].ogg,,うん、そうよね
[cd02-0323][16.34.00-16.37.00].ogg,,え、面白かったって言ってあげましょう
[cd02-0324][16.37.00-16.39.00].ogg,,お、始まるっすよ
[cd02-0325][16.47.00-16.49.00].ogg,,どういうこと?
[cd02-0326][16.49.00-16.52.00].ogg,,な、なんなんすか、これ
[cd02-0327][16.52.00-16.56.00].ogg,,そ、そんな、こいつは
[cd02-0328][16.56.00-16.58.00].ogg,,面白い!
[cd03-0000][00.00.00-00.02.00].ogg,,おら、珍しいわね、ネフレン
[cd03-0001][00.02.00-00.04.00].ogg,,ナイグラート
[cd03-0002][00.04.00-00.06.00].ogg,,どういう風の吹き回し?
[cd03-0003][00.06.00-00.08.00].ogg,,あなたが厨房にいるなんて
[cd03-0004][00.08.00-00.10.00].ogg,,ん、ちょっと
[cd03-0005][00.10.00-00.12.00].ogg,,もしかして
[cd03-0006][00.12.00-00.15.00].ogg,,恋する乙女の手料理だったりするのかしら?
[cd03-0007][00.15.00-00.17.00].ogg,,それはない
[cd03-0008][00.17.00-00.19.00].ogg,,あらそう、つまんないわね
[cd03-0009][00.19.00-00.21.00].ogg,,図書室に料理の本があった
[cd03-0010][00.21.00-00.24.00].ogg,,面白そうだから、試してみたい
[cd03-0011][00.24.00-00.26.00].ogg,,ほら、見て
[cd03-0012][00.26.00-00.31.00].ogg,,あら、これはほんと珍しい料理ね
[cd03-0013][00.31.00-00.33.00].ogg,,ビレムは料理も上手だから
[cd03-0014][00.33.00-00.36.00].ogg,,でも、これならびっくりすると思う
[cd03-0015][00.36.00-00.39.00].ogg,,なんだ、やっぱり乙女の手料理じゃない
[cd03-0016][00.39.00-00.40.00].ogg,,何か言った?
[cd03-0017][00.40.00-00.43.00].ogg,,ええ、何にも
[cd03-0018][00.46.00-00.50.00].ogg,,でもこれ珍しい料理なだけに食感がいい
[cd03-0019][00.50.00-00.52.00].ogg,,あ、でも
[cd03-0020][00.52.00-00.57.00].ogg,,でもこれ珍しい料理なだけに食材も普段見かけないものばかり
[cd03-0021][00.57.00-01.02.00].ogg,,うちの食料庫にも、きっと街のお店にもないと思うわよ
[cd03-0022][01.02.00-01.03.00].ogg,,そう
[cd03-0023][01.03.00-01.07.00].ogg,,でも安心して、私と一緒に山に行きましょう
[cd03-0024][01.07.00-01.08.00].ogg,,山?
[cd03-0025][01.08.00-01.13.00].ogg,,ええ、山には何でもあるんだから
[cd03-0026][01.14.00-01.16.00].ogg,,週末何してますか?
[cd03-0027][01.16.00-01.17.00].ogg,,忙しいですか?
[cd03-0028][01.17.00-01.19.00].ogg,,作ってもらっていいですか?
[cd03-0029][01.19.00-01.21.00].ogg,,山狩りダイアリー
[cd03-0030][01.29.00-01.34.00].ogg,,やっ、クモの巣、もうまた髪に引っかかった
[cd03-0031][01.34.00-01.37.00].ogg,,くとりがぼーっとしてるからっすよ
[cd03-0032][01.37.00-01.41.00].ogg,,私みたいに周囲を常に警戒し続ければ
[cd03-0033][01.41.00-01.45.00].ogg,,うわっ、花が、枝がハズリ
[cd03-0034][01.45.00-01.47.00].ogg,,ハイセアも人のこと言えないじゃない
[cd03-0035][01.47.00-01.49.00].ogg,,二人とも静かに
[cd03-0036][01.49.00-01.53.00].ogg,,山の中はどこに危険が潜んでいるか分からないんだから
[cd03-0037][01.53.00-01.54.00].ogg,,でも
[cd03-0038][01.54.00-02.00.00].ogg,,猛獣に気づかれないを工夫してるネフレンのことを少しは見習いなさい
[cd03-0039][02.00.00-02.05.00].ogg,,もう、レン、何すか?そのお腰に下げた木の枝の束は
[cd03-0040][02.05.00-02.09.00].ogg,,枝についた葉っぱを引きずって足跡を消してる
[cd03-0041][02.09.00-02.13.00].ogg,,山歩きってそうまでしないとダメなものなの
[cd03-0042][02.13.00-02.17.00].ogg,,二人とも無理についてこなくてもよかったのに
[cd03-0043][02.17.00-02.20.00].ogg,,いやー、レンが議官のために手料理を作る
[cd03-0044][02.20.00-02.23.00].ogg,,しかも、食材探しをいつから?
[cd03-0045][02.23.00-02.27.00].ogg,,なんて話を聞いたら、同行しないわけにはいかないっすよ
[cd03-0046][02.27.00-02.29.00].ogg,,ねえ、くとり
[cd03-0047][02.29.00-02.32.00].ogg,,えっ、いやー、あのその
[cd03-0048][02.32.00-02.34.00].ogg,,ほら、これを手に入れて
[cd03-0049][02.34.00-02.38.00].ogg,,も、もちろんレンが変なもの食べさせるとかはないだろうけど
[cd03-0050][02.38.00-02.41.00].ogg,,別に、あの、なんていうか
[cd03-0051][02.41.00-02.44.00].ogg,,あら、ちょっとみんな、これを見て
[cd03-0052][02.44.00-02.46.00].ogg,,ん?なんすか?
[cd03-0053][02.46.00-02.49.00].ogg,,木の根っこ?違う
[cd03-0054][02.49.00-02.51.00].ogg,,このキノコって
[cd03-0055][02.51.00-02.53.00].ogg,,一夜だけね
[cd03-0056][02.53.00-02.56.00].ogg,,ワンナイト竹木、雪釣り竹科のキノコで
[cd03-0057][02.56.00-02.58.00].ogg,,ネフレンのお腹を開けて
[cd03-0058][02.58.00-03.02.00].ogg,,うん、図鑑と一致、早速ゲット
[cd03-0059][03.02.00-03.05.00].ogg,,もぎもぎ
[cd03-0060][03.05.00-03.08.00].ogg,,肉厚でもっちりした食感で
[cd03-0061][03.08.00-03.11.00].ogg,,ソテーするだけでも十分おいしいのよ
[cd03-0062][03.11.00-03.14.00].ogg,,へー、よく知ってるのね、ナイグラート
[cd03-0063][03.14.00-03.18.00].ogg,,もちろん、この山の中のものはほぼすべて
[cd03-0064][03.18.00-03.20.00].ogg,,一度は一度は二度は三度は四度
[cd03-0065][03.20.00-03.22.00].ogg,,一度は三度は四度
[cd03-0066][03.22.00-03.24.00].ogg,,一度は三度は四度
[cd03-0067][03.24.00-03.27.00].ogg,,うん、この山の中のものはほぼすべて
[cd03-0068][03.27.00-03.30.00].ogg,,一度は胃袋に収めているもの
[cd03-0069][03.30.00-03.33.00].ogg,,冗談なのか、まじなのかがわからんす
[cd03-0070][03.33.00-03.36.00].ogg,,それで、この木の周りも見てちょうだい
[cd03-0071][03.36.00-03.39.00].ogg,,んー、どんぐり?
[cd03-0072][03.39.00-03.41.00].ogg,,いっぱい落ちてるみたいだけど
[cd03-0073][03.41.00-03.45.00].ogg,,この木はシーの木、マテバシーのアシュ
[cd03-0074][03.45.00-03.48.00].ogg,,私、いつまでも待つわしいね
[cd03-0075][03.48.00-03.50.00].ogg,,この実は軽くいって食べると
[cd03-0076][03.50.00-03.52.00].ogg,,コリコリと香ばしくて甘くて
[cd03-0077][03.52.00-03.54.00].ogg,,やみつきになるわよ
[cd03-0078][03.54.00-03.56.00].ogg,,木の未パイの材料に使えそう
[cd03-0079][03.56.00-04.01.00].ogg,,あ、でも、この木がある、ということは
[cd03-0080][04.05.00-04.09.00].ogg,,し、鹿?すごく立派な角に縦紙
[cd03-0081][04.13.00-04.16.00].ogg,,物の本によれば、馬鹿っていう種類
[cd03-0082][04.16.00-04.18.00].ogg,,いやー、かわいいっすねー
[cd03-0083][04.18.00-04.20.00].ogg,,そうだ、こんなこともあろうかと
[cd03-0084][04.20.00-04.22.00].ogg,,用意していた鹿せんべいでー
[cd03-0085][04.22.00-04.24.00].ogg,,危ないわよ
[cd03-0086][04.26.00-04.28.00].ogg,,急に突進してきた
[cd03-0087][04.28.00-04.30.00].ogg,,光線的な鹿なのよ
[cd03-0088][04.30.00-04.32.00].ogg,,さっきのシーの実を主食にして
[cd03-0089][04.32.00-04.35.00].ogg,,縄張りに近づくものを激しく適視するの
[cd03-0090][04.35.00-04.37.00].ogg,,うわ、また来るくるっす
[cd03-0091][04.40.00-04.42.00].ogg,,ナイグラント、危ない
[cd03-0092][04.42.00-04.44.00].ogg,,ナイグラントが鹿に突き飛ばされて
[cd03-0093][04.44.00-04.46.00].ogg,,矢部の下に
[cd03-0094][04.46.00-04.48.00].ogg,,ナイグラント
[cd03-0095][04.51.00-04.53.00].ogg,,な、なんすか、今の音
[cd03-0096][04.53.00-04.55.00].ogg,,ナイグラント
[cd03-0097][04.57.00-04.59.00].ogg,,はいはい、呼んだ
[cd03-0098][04.59.00-05.01.00].ogg,,無事?
[cd03-0099][05.01.00-05.03.00].ogg,,ええ、ご覧の通りね
[cd03-0100][05.03.00-05.05.00].ogg,,よっこいしょっと
[cd03-0101][05.07.00-05.09.00].ogg,,重いな
[cd03-0102][05.09.00-05.11.00].ogg,,と、ふぅ
[cd03-0103][05.11.00-05.13.00].ogg,,重かった
[cd03-0104][05.13.00-05.15.00].ogg,,ははははは
[cd03-0105][05.15.00-05.17.00].ogg,,大事がなくてよかったっす
[cd03-0106][05.17.00-05.19.00].ogg,,けど、その鹿は?
[cd03-0107][05.19.00-05.21.00].ogg,,肉質はきめ細やか
[cd03-0108][05.21.00-05.25.00].ogg,,馬肉のなめらかさと鹿肉のやしとは合わせ持った
[cd03-0109][05.25.00-05.27.00].ogg,,極上の味よ
[cd03-0110][05.27.00-05.29.00].ogg,,しとめられてよかったわ
[cd03-0111][05.29.00-05.31.00].ogg,,しとめたって
[cd03-0112][05.31.00-05.35.00].ogg,,私も久しく口にしていないのよねー
[cd03-0113][05.35.00-05.37.00].ogg,,あんなところで会えるなんてついてたわ
[cd03-0114][05.37.00-05.39.00].ogg,,そういう問題
[cd03-0115][05.39.00-05.43.00].ogg,,とはいえ、この鹿を抱えていくのも大変だから
[cd03-0116][05.43.00-05.45.00].ogg,,このあたりに
[cd03-0117][05.47.00-05.49.00].ogg,,ほりゃ
[cd03-0118][05.51.00-05.53.00].ogg,,こんな感じでズルしておきましょう
[cd03-0119][05.53.00-05.55.00].ogg,,あとでまた取りに来ればいいわ
[cd03-0120][05.55.00-05.57.00].ogg,,さ、行くわよ
[cd03-0121][05.57.00-06.01.00].ogg,,山のチンミはまだまだたくさんあるんだから
[cd03-0122][06.01.00-06.03.00].ogg,,うん、頼もしい
[cd03-0123][06.03.00-06.06.00].ogg,,見た?鹿の頭のとこ
[cd03-0124][06.06.00-06.07.00].ogg,,見たっすよ
[cd03-0125][06.07.00-06.10.00].ogg,,鹿さんのツノとツノの間
[cd03-0126][06.10.00-06.13.00].ogg,,きれいにこぶしのめり込んだ跡が
[cd03-0127][06.13.00-06.16.00].ogg,,武器もなしに一撃で
[cd03-0128][06.17.00-06.19.00].ogg,,ほら、早くー
[cd03-0129][06.19.00-06.23.00].ogg,,日が暮れる前に帰らなくなるわよー
[cd03-0130][06.23.00-06.24.00].ogg,,はいっす
[cd03-0131][06.24.00-06.25.00].ogg,,はい
[cd03-0132][06.27.00-06.29.00].ogg,,お、お、お、お
[cd03-0133][06.29.00-06.30.00].ogg,,はいっす
[cd03-0134][06.30.00-06.31.00].ogg,,はーい
[cd03-0135][06.39.00-06.41.00].ogg,,さっきのところに比べると
[cd03-0136][06.41.00-06.44.00].ogg,,どんどん薄気味悪くなってきたっすね
[cd03-0137][06.44.00-06.47.00].ogg,,常人が追い去れと立ち入れない場所にこそ
[cd03-0138][06.47.00-06.50.00].ogg,,珍しい食材は眠っているものよ
[cd03-0139][06.51.00-06.53.00].ogg,,ビレムの胃袋に勝つには
[cd03-0140][06.53.00-06.55.00].ogg,,素材のインパクトが必要
[cd03-0141][06.55.00-06.57.00].ogg,,え、勝負?
[cd03-0142][06.57.00-06.59.00].ogg,,まあ、なんでもいいっすけど
[cd03-0143][07.00.00-07.01.00].ogg,,な、なんすか?
[cd03-0144][07.01.00-07.03.00].ogg,,今、ほっぺにぬめって
[cd03-0145][07.03.00-07.05.00].ogg,,ぬめぬめってしたものが
[cd03-0146][07.06.00-07.08.00].ogg,,手にもついた
[cd03-0147][07.08.00-07.12.00].ogg,,あらあら、ハエトリカズラに引っかかっちゃったのね
[cd03-0148][07.12.00-07.13.00].ogg,,ハエトリカズラ?
[cd03-0149][07.13.00-07.15.00].ogg,,茎やツタから燃液を出して
[cd03-0150][07.15.00-07.18.00].ogg,,大木に張り付く植物よ
[cd03-0151][07.18.00-07.20.00].ogg,,ハエトリって名前だけど
[cd03-0152][07.20.00-07.22.00].ogg,,食中植物ではないの
[cd03-0153][07.22.00-07.23.00].ogg,,へー
[cd03-0154][07.23.00-07.26.00].ogg,,ねちょねちょが、ねちょねちょが
[cd03-0155][07.27.00-07.30.00].ogg,,燃液を洗い流してよーく煮込めば
[cd03-0156][07.30.00-07.33.00].ogg,,それだけで薬ラズの需要の高いスープになるわ
[cd03-0157][07.34.00-07.36.00].ogg,,なるほど、いい食材
[cd03-0158][07.36.00-07.39.00].ogg,,アイセア、この袋に入れて
[cd03-0159][07.39.00-07.42.00].ogg,,私にねちょねちょをつけないように
[cd03-0160][07.42.00-07.45.00].ogg,,私の心配は二の次なんすね
[cd03-0161][07.48.00-07.51.00].ogg,,顔も手もねちょねちょっす
[cd03-0162][07.51.00-07.54.00].ogg,,あ、それ早く洗い流したほうがいいわよ
[cd03-0163][07.54.00-07.57.00].ogg,,洗い流すって言っても
[cd03-0164][08.00.00-08.02.00].ogg,,かゆい、かゆいっす
[cd03-0165][08.02.00-08.04.00].ogg,,そこ、手がかゆい
[cd03-0166][08.04.00-08.08.00].ogg,,肌につくと猛烈にかゆくなるのよね、あれ
[cd03-0167][08.08.00-08.11.00].ogg,,やだアイセア、こっち近づかないで
[cd03-0168][08.11.00-08.14.00].ogg,,なにか吹くものくださいっすよ
[cd03-0169][08.14.00-08.17.00].ogg,,手にハエトリカズラの汁がついてるじゃない
[cd03-0170][08.17.00-08.19.00].ogg,,追いかけてこないでよ
[cd03-0171][08.19.00-08.22.00].ogg,,ひどいっす、友達じゃないっすか
[cd03-0172][08.22.00-08.25.00].ogg,,だってそれがついたら私までかゆく
[cd03-0173][08.25.00-08.29.00].ogg,,あら、ちょっとまた蜘蛛のせい
[cd03-0174][08.31.00-08.34.00].ogg,,あ、でっかい蜘蛛
[cd03-0175][08.34.00-08.36.00].ogg,,あら、めずらしい
[cd03-0176][08.36.00-08.39.00].ogg,,七星までラゴケ蜘蛛がいるなんて
[cd03-0177][08.39.00-08.42.00].ogg,,油であげるとチョクレートみたいな香りがして
[cd03-0178][08.42.00-08.44.00].ogg,,なかなかいけるのよね
[cd03-0179][08.44.00-08.46.00].ogg,,これ、図鑑と一致
[cd03-0180][08.46.00-08.48.00].ogg,,くたり、その蜘蛛もつかまえて
[cd03-0181][08.48.00-08.51.00].ogg,,え、持って帰る気なの
[cd03-0182][08.56.00-08.59.00].ogg,,ナイグラート、今の鳴き声は
[cd03-0183][08.59.00-09.02.00].ogg,,ふつかよいギャボハキドリね
[cd03-0184][09.02.00-09.06.00].ogg,,ヒカシボウが豊富で水炊きにするとたくさん油が出るのだけど
[cd03-0185][09.06.00-09.10.00].ogg,,そのダシはこってりしつつもあっさりする
[cd03-0186][09.10.00-09.13.00].ogg,,変な色のかだつむりがいる、これは
[cd03-0187][09.13.00-09.17.00].ogg,,アカマキマイマイモドキアオマキマイマイモドキキマキマイマイ
[cd03-0188][09.17.00-09.20.00].ogg,,アカマキマイマイモドキアオマキマイマイモドキキマキマイマイ
[cd03-0189][09.20.00-09.26.00].ogg,,アカマキマイマイとアカマキマイマイモドキアオマキマイマイはどこがあるけど
[cd03-0190][09.26.00-09.29.00].ogg,,このアカマキマイマイモドキアオマキマイマイモドキキマキマイマイ busy
[cd03-0191][09.29.00-09.33.00].ogg,,オーブンで焼くとサザエみたいな感じなんだけど
[cd03-0192][09.33.00-09.36.00].ogg,,ある程度 CATなどという感じないのか
[cd03-0193][09.36.00-09.39.00].ogg,,動画にリンクあるといい Yummyにパチパチ
[cd03-0194][09.39.00-09.41.70].ogg,,さざいみたいな味がして美味しいわよ
[cd03-0195][09.41.70-09.44.24].ogg,,ナイグラート モノシリ
[cd03-0196][09.44.24-09.46.18].ogg,,嫌だ 取れない
[cd03-0197][09.46.18-09.49.56].ogg,,このクモのせい ずっこく 強力で
[cd03-0198][09.49.56-09.51.30].ogg,,ネバネバしてて
[cd03-0199][09.51.30-09.53.60].ogg,,くとり すぐそばまでクモが
[cd03-0200][09.53.60-09.55.16].ogg,,いやあああああ
[cd03-0201][09.55.16-09.58.34].ogg,,あ ああいすやん 見てないでそのクモ取って
[cd03-0202][09.58.34-10.00.00].ogg,,あっち やって
[cd03-0203][10.00.00-10.01.78].ogg,,いやっすよ キモいっす
[cd03-0204][10.01.78-10.03.34].ogg,,ひどい 友達じゃない
[cd03-0205][10.03.34-10.04.96].ogg,,あんたが言うすか
[cd03-0206][10.09.00-10.14.00].ogg,,私、まだちょっと顔と手がかゆいっす
[cd03-0207][10.16.00-10.19.00].ogg,,こ、怖かった
[cd03-0208][10.19.00-10.24.00].ogg,,あんな間近で雲が口開くの見たの、初めて
[cd03-0209][10.24.00-10.27.00].ogg,,確かにちょっと疲れちゃったわね
[cd03-0210][10.27.00-10.30.00].ogg,,こういう時は
[cd03-0211][10.30.00-10.33.00].ogg,,あ、あったあった
[cd03-0212][10.35.00-10.37.00].ogg,,はい、召し上がれ
[cd03-0213][10.37.00-10.39.00].ogg,,元気が出ると思うわよ
[cd03-0214][10.39.00-10.41.00].ogg,,これ、果物すか?
[cd03-0215][10.41.00-10.45.00].ogg,,ええ、とっても甘くてちょっとだけビカ
[cd03-0216][10.45.00-10.48.00].ogg,,そんな素敵な山の幸よ
[cd03-0217][10.48.00-10.50.00].ogg,,ありがとう
[cd03-0218][10.50.00-10.52.00].ogg,,ちなみにこれはなんていう名前なの?
[cd03-0219][10.52.00-10.57.00].ogg,,えっと、ビーレム大好きよ
[cd03-0220][10.57.00-10.59.00].ogg,,え、ビーレ?
[cd03-0221][10.59.00-11.04.00].ogg,,だから、ビーレム大好きだって、参拝
[cd03-0222][11.04.00-11.05.00].ogg,,参拝
[cd03-0223][11.05.00-11.08.00].ogg,,え、いや別に名前なんて言わなくても
[cd03-0224][11.08.00-11.11.00].ogg,,ちゃんと言わないと食べさせません
[cd03-0225][11.11.00-11.13.00].ogg,,参拝
[cd03-0226][11.13.00-11.17.00].ogg,,ビ、ビーレム、ド、大好き
[cd03-0227][11.17.00-11.19.00].ogg,,ほら、ちゃんと言って
[cd03-0228][11.19.00-11.23.00].ogg,,ビ、ビレム、ド、大、大好き
[cd03-0229][11.23.00-11.26.00].ogg,,それ、あわひげ
[cd03-0230][11.26.00-11.29.00].ogg,,ああ、そうだったね、間違えてたわ
[cd03-0231][11.29.00-11.30.00].ogg,,ナイグラード!
[cd03-0232][11.30.00-11.32.00].ogg,,え、うっかり
[cd03-0233][11.32.00-11.33.00].ogg,,おいおい
[cd03-0234][11.33.00-11.37.00].ogg,,でも、この実が疲労回復にいいのは本当よ
[cd03-0235][11.37.00-11.44.00].ogg,,山で迷った時とか、この木を見つけると生存確率もぐんっと上がるという統計もあるし
[cd03-0236][11.44.00-11.47.00].ogg,,ナイグラードは何でも知ってる
[cd03-0237][11.47.00-11.53.00].ogg,,やめてよ、私はただ好きで食べて覚えているだけ
[cd03-0238][11.53.00-11.58.00].ogg,,食べることが大好きな食いしん坊さんってだけよ
[cd03-0239][11.58.00-12.01.00].ogg,,いや、いくら可愛くぶったって
[cd03-0240][12.01.00-12.08.00].ogg,,土とか石とかも含めて、この山にある全てのものを一度は食べたんじゃないかって思っちゃうわ
[cd03-0241][12.08.00-12.13.00].ogg,,そうね、食べるなら沢の方にある赤茶色の泥だけにしておきなさい
[cd03-0242][12.13.00-12.17.00].ogg,,ただ栄養価は高いけど、あまりおいしくないわよ
[cd03-0243][12.17.00-12.21.00].ogg,,え、ネフレ、食材の方はどう?
[cd03-0244][12.21.00-12.23.00].ogg,,結構収穫できた
[cd03-0245][12.23.00-12.27.00].ogg,,そうっすね、私は早く風呂に入りたいっす
[cd03-0246][12.27.00-12.30.00].ogg,,じゃあそろそろ帰りましょうか、ナイグラード
[cd03-0247][12.30.00-12.34.00].ogg,,ん?どうしたの、ナイグラード
[cd03-0248][12.34.00-12.36.00].ogg,,見つけた
[cd03-0249][12.36.00-12.39.00].ogg,,見つけたって、何?
[cd03-0250][12.39.00-12.42.00].ogg,,うっ、うっ、あれって
[cd03-0251][12.42.00-12.48.00].ogg,,金色の、おっきな、くま?
[cd03-0252][12.50.00-12.53.00].ogg,,あれ、本当に雲なの?
[cd03-0253][12.53.00-12.55.00].ogg,,なんて高顔し
[cd03-0254][12.55.00-13.02.50].ogg,,先進の毛が光り輝いて、それにあの瞳、見てるだけで吸い込まれそうっす。
[cd03-0255][13.02.50-13.10.50].ogg,,私も何度かこの山に入ってるけど、過去に一度しか会えなかったのよ。あの山の神には。
[cd03-0256][13.10.50-13.12.50].ogg,,山の神。
[cd03-0257][13.12.50-13.15.00].ogg,,神様、か。
[cd03-0258][13.15.50-13.23.00].ogg,,ふっふっ、確かに、あんな綺麗な生き物に出会えるなんて、今日は来てよかったかな。
[cd03-0259][13.23.00-13.25.00].ogg,,じゃ、借りましょうか。
[cd03-0260][13.25.00-13.26.00].ogg,,え?
[cd03-0261][13.26.00-13.30.00].ogg,,あのクマだけはまだ口にできてなかったのよね。
[cd03-0262][13.30.00-13.33.00].ogg,,どんな味がするのかしら。
[cd03-0263][13.33.00-13.40.00].ogg,,単一酒ってあまり美味しい印象はないんだけど、食べてみないと分からないしね。うぅ。
[cd03-0264][13.40.00-13.44.00].ogg,,ちょ、ちょっと、ナイグラード?あれ、山の神様なんでしょ?
[cd03-0265][13.44.00-13.46.00].ogg,,た、食べちゃうの?
[cd03-0266][13.46.00-13.50.00].ogg,,食べちゃうの?さ、行くわよ!
[cd03-0267][13.50.00-13.54.00].ogg,,おりゃあああああああ!
[cd03-0268][13.54.00-13.56.00].ogg,,クマ!
[cd03-0269][13.58.00-14.00.00].ogg,,クマ!
[cd03-0270][14.00.00-14.02.00].ogg,,とりゃあ!
[cd03-0271][14.03.00-14.05.00].ogg,,よいっ!
[cd03-0272][14.06.00-14.09.00].ogg,,ううう、どうするっすか?
[cd03-0273][14.09.00-14.13.00].ogg,,私、もう付き合いきれない。
[cd03-0274][14.13.00-14.15.00].ogg,,レンはどうっすか?
[cd03-0275][14.15.00-14.18.00].ogg,,うん。もうたくさん取れた。それじゃあ。
[cd03-0276][14.18.00-14.20.00].ogg,,うん。帰ろうか。
[cd03-0277][14.20.00-14.21.00].ogg,,満足。
[cd03-0278][14.22.00-14.23.00].ogg,,くっ!
[cd03-0279][14.23.00-14.25.00].ogg,,くっ!
[cd03-0280][14.25.00-14.26.00].ogg,,うわあああ!
[cd03-0281][14.26.00-14.27.00].ogg,,クマ!
[cd03-0282][14.27.00-14.28.00].ogg,,はっはっ!
[cd03-0283][14.34.00-14.38.00].ogg,,お、今日の料理はネフレンが作ってくれたんだって?
[cd03-0284][14.38.00-14.41.00].ogg,,うん。ビレムのために頑張った。
[cd03-0285][14.41.00-14.43.00].ogg,,そうか、そりゃ嬉しいな。
[cd03-0286][14.43.00-14.46.00].ogg,,じゃあ、スープからどうぞ。
[cd03-0287][14.46.00-14.48.00].ogg,,あれって?
[cd03-0288][14.49.00-14.51.00].ogg,,ん?うまい!
[cd03-0289][14.51.00-14.55.00].ogg,,うう、かゆいかゆいかゆいかゆい!
[cd03-0290][14.55.00-14.58.00].ogg,,あ、どうしたアイスや、身をよじって。
[cd03-0291][14.58.00-15.01.00].ogg,,なん、なんでもないっす。
[cd03-0292][15.01.00-15.06.00].ogg,,それにしてもこのスープ、だしがよく出て、香りも方順で。
[cd03-0293][15.06.00-15.08.00].ogg,,これ、何が入ってるんだ?
[cd03-0294][15.08.00-15.10.00].ogg,,ある植物を煮ただけ。
[cd03-0295][15.10.00-15.14.00].ogg,,へえ、それじゃあ次はこっちの揚げ物。
[cd03-0296][15.14.00-15.17.00].ogg,,なんか変な形だけど。
[cd03-0297][15.18.00-15.21.00].ogg,,ん?ん?これもうまい!
[cd03-0298][15.21.00-15.22.00].ogg,,ん?
[cd03-0299][15.22.00-15.28.00].ogg,,苦味の中に少しチョコレートっぽい甘みもあって。
[cd03-0300][15.28.00-15.31.00].ogg,,どうした、クトリー?口元押さえて。
[cd03-0301][15.31.00-15.33.00].ogg,,な、なんでもない。
[cd03-0302][15.33.00-15.36.00].ogg,,ああ、俺だけ食っててすまんな。
[cd03-0303][15.36.00-15.37.00].ogg,,ほら、食うか?
[cd03-0304][15.37.00-15.39.00].ogg,,絶対いらない!
[cd03-0305][15.39.00-15.41.00].ogg,,ん?そうか。
[cd03-0306][15.41.00-15.43.00].ogg,,まだ、こんなのもある。
[cd03-0307][15.43.00-15.47.00].ogg,,おお、キノコのステーキに、こっちは巻き貝か。
[cd03-0308][15.47.00-15.49.00].ogg,,少し変わった色をしてるが。
[cd03-0309][15.49.00-15.51.00].ogg,,うん、どんどん食べて。
[cd03-0310][15.51.00-15.54.00].ogg,,ああ、遠慮なく。
[cd03-0311][15.54.00-15.59.00].ogg,,ところで、ナイグラートの姿が見えないが、あいつどこ行ったんだ?
[cd03-0312][15.59.00-16.01.00].ogg,,多分、まだ山の中。
[cd03-0313][16.01.00-16.05.00].ogg,,決着つかず、園典と再戦してるみたいっす。
[cd03-0314][16.05.00-16.09.00].ogg,,まさに、食うか食われるかの戦い。
[cd03-0315][16.09.00-16.11.00].ogg,,うん、なんだそりゃ。
[cd03-0316][16.11.00-16.13.00].ogg,,くぼー!
[cd03-0317][16.13.00-16.17.00].ogg,,え、な、なんだ。山の方からすげえ声が今。
[cd03-0318][16.17.00-16.19.00].ogg,,しゃー!
[cd03-0319][16.19.00-16.21.00].ogg,,あ、勝った。
[cd04-0000][00.00.00-00.23.00].ogg,,夜の森は漆黒の闇に包まれていた。 そんな一寸先も見えぬほどの闇の中を、一人の少女が家路を急いでいる。すると、どこからか不思議な音が聞こえてくる。
[cd04-0001][00.24.00-00.26.00].ogg,,……
[cd04-0002][00.27.00-00.44.00].ogg,,チリーン、チリーン。少女は空耳かと耳をすます。しかし、鈴のようなその音は間違いなく少女の後を追いかけてくるのだ。
[cd04-0003][00.44.00-01.10.00].ogg,,チリーン、チリーン。音から逃れようと走り出すと、鈴の音は次第に近く、速くなっていく。チリンチリン、チリンチリンチリン。ついには音は真後ろまで迫り、耐えきれなくなった少女が振り返ると。
[cd04-0004][01.11.00-01.13.00].ogg,,ヤアアアアアアアアアアアアアアアアアアアッ!!
[cd04-0005][01.13.00-01.15.00].ogg,,君たち、いつまで起きてんの!?
[cd04-0006][01.15.00-01.16.00].ogg,,なんだ、クトリカ
[cd04-0007][01.17.00-01.21.00].ogg,,こんな真夜中まで騒いで、一体何をやってるの!?
[cd04-0008][01.21.00-01.22.00].ogg,,階段だぞ!
[cd04-0009][01.22.00-01.23.00].ogg,,階段!?
[cd04-0010][01.23.00-01.29.00].ogg,,私たちは今宵、伝説オバキを呼び出すのだ。
[cd04-0011][01.31.00-01.38.00].ogg,,週末何してますか?忙しいですか?救ってもらっていいですか?スペシャルオーディオドラマ
[cd04-0012][01.38.00-01.42.00].ogg,,妖精倉庫 階段物語
[cd04-0013][01.46.00-01.49.00].ogg,,階段で伝説のお化けを呼び出す?
[cd04-0014][01.49.00-01.54.00].ogg,,ああ 実は今日読書室で面白い本を見つけたのだ
[cd04-0015][01.58.00-02.01.00].ogg,,68番と7不思議
[cd04-0016][02.01.00-02.04.00].ogg,,よくある子供向けの階段物語集じゃない
[cd04-0017][02.05.00-02.08.00].ogg,,ふむ 確かに階段自体は子供騙しだ
[cd04-0018][02.08.00-02.11.00].ogg,,ティアットとラキシュは怖がってたけどな
[cd04-0019][02.11.00-02.13.00].ogg,,こ、怖かったわけじゃないよ
[cd04-0020][02.13.00-02.17.00].ogg,,突然扉が開いたからびっくりしただけだもん
[cd04-0021][02.17.00-02.18.00].ogg,,ね?ラキシュ
[cd04-0022][02.18.00-02.19.00].ogg,,あ、うん
[cd04-0023][02.19.00-02.22.00].ogg,,で、でもクトリー先輩が言うように
[cd04-0024][02.22.00-02.25.00].ogg,,今日はもう遅いからおしまいにした方が
[cd04-0025][02.25.00-02.26.00].ogg,,ダメだ
[cd04-0026][02.26.00-02.30.00].ogg,,儀式はすでに始まってしまったのだから
[cd04-0027][02.30.00-02.31.00].ogg,,儀式?
[cd04-0028][02.31.00-02.34.00].ogg,,それで床に不気味なろうそくが並べてあるの?
[cd04-0029][02.34.00-02.39.00].ogg,,そう この本によれば7つの階段を1つずつ語り
[cd04-0030][02.39.00-02.42.00].ogg,,その度にろうそくを1つずつ消していく
[cd04-0031][02.42.00-02.44.00].ogg,,もう5つ消したぞ
[cd04-0032][02.44.00-02.48.00].ogg,,3つ目のときラキシュってば読みながら泣きそうになってたよね
[cd04-0033][02.48.00-02.53.00].ogg,,そ、そういうティアットだって口酒マダムの話でおしっこして
[cd04-0034][02.53.00-02.54.00].ogg,,うわあああああ
[cd04-0035][02.54.00-02.57.00].ogg,,なんだろ 屋根の上に猫がいるぞ
[cd04-0036][02.57.00-02.59.00].ogg,,にゃー
[cd04-0037][02.59.00-03.00.00].ogg,,にゃー
[cd04-0038][03.00.00-03.05.00].ogg,,猫かわいいなあ あはははは
[cd04-0039][03.05.00-03.07.00].ogg,,ごまかし方が雑すぎる
[cd04-0040][03.07.00-03.11.00].ogg,,そして7本すべてのろうそくを消したとき
[cd04-0041][03.11.00-03.15.00].ogg,,伝説のおばけが現れるのだ
[cd04-0042][03.15.00-03.18.00].ogg,,伝説のおばけ?何よそれ
[cd04-0043][03.18.00-03.19.00].ogg,,わからん
[cd04-0044][03.19.00-03.21.00].ogg,,わからないのに呼び出すの?
[cd04-0045][03.21.00-03.24.00].ogg,,きっとこの世のものとは思えぬほど
[cd04-0046][03.24.00-03.28.00].ogg,,どろっどろでまがまがしいおばけに違いない
[cd04-0047][03.28.00-03.29.00].ogg,,未知の恐怖
[cd04-0048][03.29.00-03.32.00].ogg,,それに途中でやめたら不幸になる
[cd04-0049][03.32.00-03.33.00].ogg,,そうなの?
[cd04-0050][03.33.00-03.34.00].ogg,,かもしれない
[cd04-0051][03.34.00-03.35.00].ogg,,嘘なの?
[cd04-0052][03.35.00-03.39.00].ogg,,とにかく我々はもはや立ち止まることはできないのだ
[cd04-0053][03.39.00-03.40.00].ogg,,だあ
[cd04-0054][03.40.00-03.42.00].ogg,,立ち止まろうよ二人とも
[cd04-0055][03.42.00-03.45.00].ogg,,しょうがないなあ
[cd04-0056][03.45.00-03.50.00].ogg,,そのかわり私が最後まで立ち会うのが条件よ
[cd04-0057][03.50.00-03.51.00].ogg,,いいわね
[cd04-0058][03.51.00-03.53.00].ogg,,はーい
[cd04-0059][03.53.00-03.58.00].ogg,,こうでもしなきゃこの子たち絶対寝ないもんな
[cd04-0060][03.58.00-04.02.00].ogg,,じゃあ6つ目のお話を始めるぞ
[cd04-0061][04.02.00-04.03.00].ogg,,え?コロンが?
[cd04-0062][04.03.00-04.04.00].ogg,,もちろん
[cd04-0063][04.04.00-04.11.00].ogg,,昔々ある古いお屋敷での出来事
[cd04-0064][04.11.00-04.14.00].ogg,,お屋敷には仲妻用事な
[cd04-0065][04.14.00-04.18.00].ogg,,旅館トラパスの夫婦が住んでいました
[cd04-0066][04.18.00-04.19.00].ogg,,仲妻用事?
[cd04-0067][04.19.00-04.24.00].ogg,,ある日庭師の尹夫が奥様をかとわかし
[cd04-0068][04.24.00-04.28.00].ogg,,二人は過ちを犯してしまいました
[cd04-0069][04.28.00-04.29.00].ogg,,なあ二人
[cd04-0070][04.29.00-04.31.00].ogg,,過ちって何したの?
[cd04-0071][04.31.00-04.32.00].ogg,,え?
[cd04-0072][04.32.00-04.35.00].ogg,,えっとそりゃ君
[cd04-0073][04.35.00-04.38.00].ogg,,男と女があれしてあれのあれよ
[cd04-0074][04.38.00-04.39.00].ogg,,あれ?
[cd04-0075][04.39.00-04.44.00].ogg,,だからおしべとめしべに別のおしべが横入りしたっていうか
[cd04-0076][04.44.00-04.45.00].ogg,,よくわかんない
[cd04-0077][04.45.00-04.48.00].ogg,,コロンはまだ知らなくていいことだよ
[cd04-0078][04.48.00-04.50.00].ogg,,ラキシュ君何をしてるの?
[cd04-0079][04.50.00-04.53.00].ogg,,んんまいっか
[cd04-0080][04.53.00-04.57.00].ogg,,激怒した旦那は包丁を持ち出し
[cd04-0081][04.57.00-05.02.00].ogg,,インプを切ったんばったんに切り裂いてしまった
[cd04-0082][05.02.00-05.04.00].ogg,,切ったんばったん?
[cd04-0083][05.04.00-05.10.00].ogg,,お屋敷に響き渡る生きたままの音を
[cd04-0084][05.10.00-05.11.00].ogg,,断ち妻
[cd04-0085][05.11.00-05.12.00].ogg,,断ち?
[cd04-0086][05.12.00-05.13.00].ogg,,断末妻だ
[cd04-0087][05.13.00-05.20.00].ogg,,そして旦那はインプの死体を湖に投げ捨てました
[cd04-0088][05.20.00-05.22.00].ogg,,うわ結構えげつない
[cd04-0089][05.22.00-05.24.00].ogg,,仕方ないです
[cd04-0090][05.24.00-05.29.00].ogg,,この場合人妻に手を出したインプが100%悪いですから
[cd04-0091][05.29.00-05.32.00].ogg,,多くの浮遊島の法律で陰行は犯罪で
[cd04-0092][05.32.00-05.35.00].ogg,,島におった人妻は死体を捨てる
[cd04-0093][05.35.00-05.38.00].ogg,,って君は本当に何をしてるの?
[cd04-0094][05.38.00-05.40.00].ogg,,それからというもの
[cd04-0095][05.40.00-05.44.00].ogg,,お屋敷には毎晩インプの生麦が現れ
[cd04-0096][05.44.00-05.45.00].ogg,,生首
[cd04-0097][05.45.00-05.53.00].ogg,,あたりをなめまわしながら誰かを探し続けた
[cd04-0098][05.53.00-05.57.00].ogg,,ペラーリペラーリどこだ?
[cd04-0099][05.57.00-05.59.00].ogg,,どこだー?
[cd04-0100][05.59.00-06.00.00].ogg,,ペラーリ
[cd04-0101][06.00.00-06.01.00].ogg,,ん?
[cd04-0102][06.01.00-06.03.00].ogg,,方をなめられた
[cd04-0103][06.03.00-06.04.00].ogg,,こいつじゃない
[cd04-0104][06.04.00-06.05.00].ogg,,ペラーリ
[cd04-0105][06.05.00-06.08.00].ogg,,あがっコロン耳タオルはやめて
[cd04-0106][06.08.00-06.10.00].ogg,,こいつでもない
[cd04-0107][06.10.00-06.11.00].ogg,,ペラーリ
[cd04-0108][06.11.00-06.12.00].ogg,,うわっ
[cd04-0109][06.12.00-06.16.00].ogg,,うわ汚れが鼻に
[cd04-0110][06.16.00-06.19.00].ogg,,わっわっわっ
[cd04-0111][06.19.00-06.21.00].ogg,,お前かー
[cd04-0112][06.21.00-06.23.00].ogg,,ワックシュー
[cd04-0113][06.23.00-06.24.00].ogg,,うわー
[cd04-0114][06.24.00-06.26.00].ogg,,こっちまで飛んできたぞ
[cd04-0115][06.26.00-06.29.00].ogg,,花紙花紙ほらちゃんと噛んで
[cd04-0116][06.29.00-06.30.00].ogg,,うい
[cd04-0117][06.30.00-06.31.00].ogg,,ちー
[cd04-0118][06.31.00-06.34.00].ogg,,せっかくの家が台無し
[cd04-0119][06.34.00-06.39.00].ogg,,コロンが読み手だと全然怖くならないな
[cd04-0120][06.39.00-06.40.00].ogg,,うーん
[cd04-0121][06.40.00-06.41.00].ogg,,チェ
[cd04-0122][06.41.00-06.44.00].ogg,,ろうそく消そうっと
[cd04-0123][06.44.00-06.47.00].ogg,,消えた
[cd04-0124][06.47.00-06.49.00].ogg,,ろうそく消すの?
[cd04-0125][06.49.00-06.50.00].ogg,,消えた
[cd04-0126][06.50.00-06.54.00].ogg,,ロロローそく一本になると結構暗くなるね
[cd04-0127][06.54.00-06.55.00].ogg,,うん
[cd04-0128][06.55.00-07.01.00].ogg,,炎のゆらめきが壁に影をつくってなんだか不気味
[cd04-0129][07.03.00-07.04.00].ogg,,ああ
[cd04-0130][07.04.00-07.05.00].ogg,,なに
[cd04-0131][07.05.00-07.08.00].ogg,,どうしたのティアット急に抱きついてきて
[cd04-0132][07.08.00-07.10.00].ogg,,風で窓が揺れただけよ
[cd04-0133][07.10.00-07.13.00].ogg,,ああ窓そっか
[cd04-0134][07.13.00-07.15.00].ogg,,怖いのか?
[cd04-0135][07.15.00-07.17.00].ogg,,ちちちー違うよ
[cd04-0136][07.17.00-07.18.00].ogg,,怖くなんかないよ
[cd04-0137][07.18.00-07.21.00].ogg,,私はもう大人なんだから
[cd04-0138][07.21.00-07.26.00].ogg,,うーらめーしーや
[cd04-0139][07.26.00-07.28.00].ogg,,ああああああ
[cd04-0140][07.28.00-07.32.00].ogg,,壁の絵が勝手に落ちた
[cd04-0141][07.32.00-07.33.00].ogg,,ああ
[cd04-0142][07.33.00-07.36.00].ogg,,時計が勝手に
[cd04-0143][07.36.00-07.37.00].ogg,,ああ
[cd04-0144][07.37.00-07.38.00].ogg,,袋が
[cd04-0145][07.38.00-07.40.00].ogg,,うやー
[cd04-0146][07.40.00-07.42.00].ogg,,うやー
[cd04-0147][07.42.00-07.45.00].ogg,,やっぱり怖いんだな
[cd04-0148][07.45.00-07.47.00].ogg,,怖くんやーかんやー
[cd04-0149][07.47.00-07.48.00].ogg,,あ
[cd04-0150][07.48.00-07.49.00].ogg,,ラキシュは?
[cd04-0151][07.49.00-07.51.00].ogg,,そういえばいないわね
[cd04-0152][07.51.00-07.54.00].ogg,,ブルブルブルブルブルブルブル
[cd04-0153][07.54.00-07.55.00].ogg,,うわー
[cd04-0154][07.55.00-07.57.00].ogg,,おしとんが震えてるぞ
[cd04-0155][07.57.00-08.00.00].ogg,,ボルターがいした
[cd04-0156][08.00.00-08.02.00].ogg,,そんなわけないでしょ
[cd04-0157][08.02.00-08.03.00].ogg,,うっしょ
[cd04-0158][08.03.00-08.06.00].ogg,,なにしてるのラキシュ
[cd04-0159][08.06.00-08.07.00].ogg,,ああ
[cd04-0160][08.07.00-08.08.00].ogg,,あの
[cd04-0161][08.08.00-08.10.00].ogg,,もう寝る時間なので
[cd04-0162][08.10.00-08.12.00].ogg,,おやすみなさい
[cd04-0163][08.12.00-08.15.00].ogg,,たぬきねえりと決め込んだか
[cd04-0164][08.15.00-08.16.00].ogg,,じゃあ
[cd04-0165][08.16.00-08.18.00].ogg,,じゃあ私も
[cd04-0166][08.18.00-08.20.00].ogg,,パニバル
[cd04-0167][08.20.00-08.22.00].ogg,,手離して
[cd04-0168][08.22.00-08.24.00].ogg,,もう大人な
[cd04-0169][08.24.00-08.26.00].ogg,,ティアットが逃げ出したり
[cd04-0170][08.26.00-08.28.00].ogg,,しないだろうな
[cd04-0171][08.28.00-08.29.00].ogg,,あ
[cd04-0172][08.29.00-08.31.00].ogg,,あ当たり前よ
[cd04-0173][08.31.00-08.34.00].ogg,,私は生態妖精兵なんだから
[cd04-0174][08.34.00-08.35.00].ogg,,ああ
[cd04-0175][08.35.00-08.36.00].ogg,,あ
[cd04-0176][08.36.00-08.37.00].ogg,,あ
[cd04-0177][08.37.00-08.38.00].ogg,,あ
[cd04-0178][08.38.00-08.39.00].ogg,,あ
[cd04-0179][08.39.00-08.42.00].ogg,,私は生態妖精兵なんだから
[cd04-0180][08.42.00-08.43.00].ogg,,ティアット
[cd04-0181][08.43.00-08.45.00].ogg,,気合と根性だぞ
[cd04-0182][08.45.00-08.46.00].ogg,,じゃあ
[cd04-0183][08.46.00-08.48.00].ogg,,ラストはクトリ先輩に
[cd04-0184][08.48.00-08.49.00].ogg,,ん
[cd04-0185][08.49.00-08.51.00].ogg,,私が読むの?
[cd04-0186][08.51.00-08.52.00].ogg,,ああ
[cd04-0187][08.52.00-08.57.00].ogg,,セニオリスを従える最強の妖精兵の力というやつを
[cd04-0188][08.57.00-08.58.00].ogg,,ぜひ
[cd04-0189][08.58.00-08.59.00].ogg,,我々に見せてほしい
[cd04-0190][08.59.00-09.00.00].ogg,,ああ
[cd04-0191][09.00.00-09.02.00].ogg,,クトリ先輩かっこいい
[cd04-0192][09.02.00-09.04.00].ogg,,ひひひ
[cd04-0193][09.04.00-09.08.00].ogg,,それってこんなところで発揮するものじゃないと思うけど
[cd04-0194][09.08.00-09.12.00].ogg,,まあささっと読んでささっと寝かせちゃうか
[cd04-0195][09.13.00-09.14.00].ogg,,ねえ
[cd04-0196][09.15.00-09.17.00].ogg,,君たちは知ってるかな
[cd04-0197][09.18.00-09.20.00].ogg,,妖精倉庫の裏山の奥に
[cd04-0198][09.21.00-09.24.00].ogg,,とても大きな白木蓮の木があるの
[cd04-0199][09.25.00-09.28.00].ogg,,なぜ本を開かないんだ
[cd04-0200][09.28.00-09.32.00].ogg,,クトリ先輩7つ目のお話を知ってるんですか
[cd04-0201][09.32.00-09.34.00].ogg,,ひひひ
[cd04-0202][09.34.00-09.35.00].ogg,,おお
[cd04-0203][09.35.00-09.39.00].ogg,,なんかクトリ先輩がいつもと違うよ
[cd04-0204][09.39.00-09.41.00].ogg,,その白木蓮は
[cd04-0205][09.41.00-09.45.00].ogg,,春になると真っ白な花がたくさん咲いて
[cd04-0206][09.45.00-09.47.00].ogg,,とっても綺麗なの
[cd04-0207][09.48.00-09.49.00].ogg,,でもね
[cd04-0208][09.50.00-09.52.00].ogg,,綺麗すぎたのがいけなかった
[cd04-0209][09.53.00-09.55.00].ogg,,私がまだ小さかった頃
[cd04-0210][09.56.00-09.59.00].ogg,,その木で首吊り自殺があったの
[cd04-0211][09.59.00-10.01.00].ogg,,へえ
[cd04-0212][10.01.00-10.03.00].ogg,,自殺か
[cd04-0213][10.03.00-10.04.00].ogg,,変なの
[cd04-0214][10.04.00-10.06.00].ogg,,それからその木
[cd04-0215][10.06.00-10.07.00].ogg,,出るんですって
[cd04-0216][10.07.00-10.08.00].ogg,,うう
[cd04-0217][10.08.00-10.11.00].ogg,,ででで出るってつまり
[cd04-0218][10.11.00-10.12.00].ogg,,うん
[cd04-0219][10.12.00-10.13.00].ogg,,へえ
[cd04-0220][10.13.00-10.17.00].ogg,,それで私とレンとアイセアは興味本位で
[cd04-0221][10.17.00-10.20.00].ogg,,真夜中に肝試しに出かけることにしたの
[cd04-0222][10.20.00-10.22.00].ogg,,うわあ肝試しいいな
[cd04-0223][10.22.00-10.24.00].ogg,,うんぜひ我々も
[cd04-0224][10.24.00-10.26.00].ogg,,やらなくていい
[cd04-0225][10.27.00-10.29.00].ogg,,その日は冬の終わりで
[cd04-0226][10.29.00-10.32.00].ogg,,まだ雪が少し残ってて
[cd04-0227][10.32.00-10.34.00].ogg,,風が冷たかったのを覚えてる
[cd04-0228][10.34.00-10.35.00].ogg,,うわあ
[cd04-0229][10.35.00-10.37.00].ogg,,ラキシュウいつの間に隣に
[cd04-0230][10.37.00-10.40.00].ogg,,だって人肌恋しかった
[cd04-0231][10.40.00-10.43.00].ogg,,布団の中から言われてもな
[cd04-0232][10.43.00-10.45.00].ogg,,沼地をしばらく行くと
[cd04-0233][10.45.00-10.47.00].ogg,,白木蓮の木が見えてきた
[cd04-0234][10.48.00-10.50.00].ogg,,そうしたらアイセアが
[cd04-0235][10.50.00-10.54.00].ogg,,ひとつだけ花が咲いてるって言うのよ
[cd04-0236][10.55.00-10.57.00].ogg,,目を凝らしてみると
[cd04-0237][10.57.00-11.00.00].ogg,,確かにひとつだけ花が咲いてた
[cd04-0238][11.00.00-11.04.00].ogg,,そして花のついた枝だけ
[cd04-0239][11.04.00-11.08.00].ogg,,きしりきしりと揺れていた
[cd04-0240][11.08.00-11.09.00].ogg,,あ
[cd04-0241][11.09.00-11.13.00].ogg,,白木蓮って冬の花だっけ
[cd04-0242][11.13.00-11.14.00].ogg,,うん
[cd04-0243][11.14.00-11.17.00].ogg,,木蓮は春先の花だから
[cd04-0244][11.17.00-11.20.00].ogg,,冬の終わりならそういうこともあるだろうな
[cd04-0245][11.20.00-11.21.00].ogg,,そっか
[cd04-0246][11.21.00-11.24.00].ogg,,気の早い花がいたもんっすね
[cd04-0247][11.24.00-11.27.00].ogg,,そうアイセアが笑うから
[cd04-0248][11.27.00-11.29.00].ogg,,私はどこか安心してた
[cd04-0249][11.29.00-11.32.00].ogg,,でもなぜか蓮だけは
[cd04-0250][11.32.00-11.34.00].ogg,,それ以上近づきたがらなかったの
[cd04-0251][11.34.00-11.36.00].ogg,,え?なんで?
[cd04-0252][11.36.00-11.38.00].ogg,,ううう
[cd04-0253][11.38.00-11.40.00].ogg,,帰ろう帰ろう
[cd04-0254][11.41.00-11.44.00].ogg,,蓮は何度もそう繰り返した
[cd04-0255][11.44.00-11.48.00].ogg,,だけど私たちは嫌がる蓮を引っ張って
[cd04-0256][11.48.00-11.51.00].ogg,,木の真下まで近づいてしまった
[cd04-0257][11.52.00-11.55.00].ogg,,そうしたらボトリ
[cd04-0258][11.55.00-11.58.00].ogg,,と何か落ちる音がして
[cd04-0259][11.58.00-12.00.00].ogg,,枝が揺れなくなった
[cd04-0260][12.00.00-12.02.00].ogg,,ううう
[cd04-0261][12.02.00-12.04.00].ogg,,全力で走って!早く!
[cd04-0262][12.04.00-12.05.00].ogg,,えぇ!
[cd04-0263][12.05.00-12.08.00].ogg,,蓮が今まで聞いたことのないような声でそう叫んで
[cd04-0264][12.08.00-12.11.00].ogg,,同時に妖精倉庫へ向かって走り出した
[cd04-0265][12.11.00-12.13.00].ogg,,その尋常じゃない様子に
[cd04-0266][12.13.00-12.15.00].ogg,,私とアイセアは蓮を追いかけ
[cd04-0267][12.15.00-12.18.00].ogg,,なんとか妖精倉庫に駆け込んだ
[cd04-0268][12.18.00-12.20.00].ogg,,なんで走ったんだ?
[cd04-0269][12.20.00-12.22.00].ogg,,私たちも蓮にそう聞いたわ
[cd04-0270][12.22.00-12.25.00].ogg,,蓮は言った見えなかったの
[cd04-0271][12.25.00-12.26.00].ogg,,花だか?
[cd04-0272][12.26.00-12.28.00].ogg,,うん
[cd04-0273][12.28.00-12.32.00].ogg,,最初から花なんて咲いてなかった
[cd04-0274][12.32.00-12.36.00].ogg,,蓮が見たのは首を刺った赤毛のトロールの頭
[cd04-0275][12.36.00-12.40.00].ogg,,そして千切れて落ちたナイグラートの胴体が
[cd04-0276][12.40.00-12.43.00].ogg,,笑いながら追いかけてくる姿
[cd04-0277][12.43.00-12.45.00].ogg,,えぇぇぇぇぇぇぇぇぇぇ!?
[cd04-0278][12.45.00-12.48.00].ogg,,これが7つ目のお話でした
[cd04-0279][12.48.00-12.53.44].ogg,,これが7つ目のお話でした。 ちょっとアレンジを加えちゃったけどね。
[cd04-0280][12.53.44-12.54.28].ogg,,ん?
[cd04-0281][12.54.28-12.58.90].ogg,,ごめんなさい、ごめんなさい、ごめんなさい、ごめんなさい、ごめんなさい、ごめんなさい。
[cd04-0282][12.58.90-13.02.08].ogg,,悪霊大佐、悪霊大佐、悪霊大佐…
[cd04-0283][13.02.08-13.03.20].ogg,,ありゃ…
[cd04-0284][13.03.20-13.09.64].ogg,,さ、さすが、ぐとり。 き、き、き、き、きっ。け、き、参る語り口だった。
[cd04-0285][13.09.64-13.11.92].ogg,,おっ、オオッ、オオッ!
[cd04-0286][13.11.92-13.13.00].ogg,,そんな怖かったかな?
[cd04-0287][13.13.00-13.15.02].ogg,,怖くなんかない!
[cd04-0288][13.15.02-13.18.02].ogg,,じゃあ最後のろうそく消そうか
[cd04-0289][13.18.02-13.21.02].ogg,,うむ…そそそそうだな
[cd04-0290][13.21.02-13.23.02].ogg,,それともやっぱりやめとく?
[cd04-0291][13.23.02-13.25.02].ogg,,いや私が消す
[cd04-0292][13.25.02-13.27.02].ogg,,パニバル
[cd04-0293][13.27.02-13.31.02].ogg,,怖くないと言ったら嘘になるかもしれない
[cd04-0294][13.31.02-13.34.02].ogg,,しかし恐怖に打ち勝ってこそ
[cd04-0295][13.34.02-13.36.02].ogg,,一人前の妖精兵だ
[cd04-0296][13.36.02-13.38.02].ogg,,ああ
[cd04-0297][13.43.02-13.45.02].ogg,,ううう…真っ暗だ
[cd04-0298][13.45.02-13.48.02].ogg,,7つのろうそくをすべて吹き消した
[cd04-0299][13.48.02-13.51.02].ogg,,これでついに伝説のお化けが
[cd04-0300][13.57.02-13.59.02].ogg,,何も起こらない
[cd04-0301][14.00.02-14.02.02].ogg,,はぁ…よかった
[cd04-0302][14.02.02-14.04.02].ogg,,おかしいな
[cd04-0303][14.04.02-14.08.02].ogg,,儀式の段取りは間違ってないはずなんだが
[cd04-0304][14.11.02-14.12.02].ogg,,はぁ!
[cd04-0305][14.12.02-14.14.02].ogg,,どうしたのティアット
[cd04-0306][14.14.02-14.16.02].ogg,,あ…あの先輩
[cd04-0307][14.16.02-14.18.02].ogg,,なんか廊下から
[cd04-0308][14.18.02-14.19.02].ogg,,え?
[cd04-0309][14.23.02-14.25.02].ogg,,鈴の音?
[cd04-0310][14.30.02-14.33.02].ogg,,だんだんこの部屋に近づいてくる!
[cd04-0311][14.34.02-14.36.02].ogg,,伝説のお化け勝負だ!
[cd04-0312][14.36.02-14.38.02].ogg,,ティアー!
[cd04-0313][14.38.02-14.40.02].ogg,,にゃおーん
[cd04-0314][14.40.02-14.41.02].ogg,,ん?
[cd04-0315][14.42.02-14.44.02].ogg,,おお!猫だ!
[cd04-0316][14.44.02-14.45.02].ogg,,猫?
[cd04-0317][14.45.02-14.46.02].ogg,,ほんとだ
[cd04-0318][14.46.02-14.49.02].ogg,,あ、その子、タイヤさんのチャロだ
[cd04-0319][14.49.02-14.52.02].ogg,,昼間おじさんが探してたよ
[cd04-0320][14.52.02-14.55.02].ogg,,え?迷い猫がこんな遠くまで?
[cd04-0321][14.55.02-14.57.02].ogg,,びっくりした
[cd04-0322][14.57.02-15.00.02].ogg,,うむ…儀式は完璧だったはずなのに
[cd04-0323][15.00.02-15.03.02].ogg,,どこで間違えたのだろうか
[cd04-0324][15.03.02-15.05.02].ogg,,本がイーチキだったんじゃないかな
[cd04-0325][15.05.02-15.07.02].ogg,,ちょ、と…
[cd04-0326][15.09.02-15.11.02].ogg,,そういうことかもね
[cd04-0327][15.11.02-15.15.02].ogg,,もう遅いし、今日はおしまいにして君たちは寝なさい
[cd04-0328][15.15.02-15.17.02].ogg,,この子は私が預かるから
[cd04-0329][15.17.02-15.18.02].ogg,,仕方ないな
[cd04-0330][15.18.02-15.21.02].ogg,,ラキシュー、今日一緒に寝よ
[cd04-0331][15.21.02-15.23.02].ogg,,うん、私も
[cd04-0332][15.23.02-15.24.02].ogg,,私もだ
[cd04-0333][15.24.02-15.27.02].ogg,,うー、ベッドギュウギュウになっちゃうよ
[cd04-0334][15.27.02-15.28.02].ogg,,うう…
[cd04-0335][15.31.02-15.34.02].ogg,,はぁ、やっと寝てくれたか
[cd04-0336][15.34.02-15.39.02].ogg,,ふぅ、今日は廊下が妙に肌寒いわね
[cd04-0337][15.39.02-15.41.02].ogg,,まるで真冬みたい
[cd04-0338][15.41.02-15.44.02].ogg,,うううううううううう
[cd04-0339][15.44.02-15.47.02].ogg,,あ、ほら暴れちゃだめ!
[cd04-0340][15.47.02-15.50.02].ogg,,あれ?君の首は…
[cd04-0341][15.50.02-15.52.02].ogg,,鈴が付いてない?
[cd04-0342][15.52.02-15.54.02].ogg,,にゃおーん
[cd04-0343][15.54.02-15.58.02].ogg,,ってことは、さっきの鈴の音って…
[cd04-0344][16.02.02-16.04.02].ogg,,うわあああああああ
[cd05-0000][00.00.00-00.13.00].ogg,,1日目は白紙の日だった。何も覚えていない。何もわからない。何一つ持たないまま、私は目覚めた。
[cd05-0001][00.13.00-00.17.00].ogg,,2日目
[cd05-0002][00.22.00-00.24.00].ogg,,ここ、どこ?
[cd05-0003][00.25.00-00.30.00].ogg,,私は、私は、ウッドは…
[cd05-0004][00.35.00-00.36.00].ogg,,鏡?
[cd05-0005][00.38.00-00.39.00].ogg,,私の顔…
[cd05-0006][00.40.00-00.43.00].ogg,,あれ?でも何かが…
[cd05-0007][00.46.00-00.48.00].ogg,,あら、目が覚めた?
[cd05-0008][00.48.00-00.49.00].ogg,,あんたは…
[cd05-0009][00.52.00-00.59.00].ogg,,こらこら、まだ起き上がっちゃダメよ、アイセア。すごい熱うでてるんだから。
[cd05-0010][00.59.00-01.03.00].ogg,,アイセア…私の名前なのか…
[cd05-0011][01.04.00-01.07.00].ogg,,だから、寝てなさいってば!
[cd05-0012][01.07.00-01.12.00].ogg,,うっ、もう、ちゃんとしないと治るものも治らないでしょ?
[cd05-0013][01.12.00-01.16.00].ogg,,頭がぼんやりして、何も思い出せない。
[cd05-0014][01.16.00-01.19.00].ogg,,ん?私は、誰だ?
[cd05-0015][01.20.00-01.23.00].ogg,,うーん、これは重傷ね。
[cd05-0016][01.24.00-01.33.00].ogg,,あなたはアイセア。アイセア・マイゼ・バルガリス、12歳。生体になったばっかりの妖精。
[cd05-0017][01.34.00-01.36.00].ogg,,アイセア…
[cd05-0018][01.37.00-01.39.00].ogg,,私はそんな名前じゃ…
[cd05-0019][01.39.00-01.48.00].ogg,,と言われても、事実あなたはアイセアなの。そして、大事な大事なうちの子です。
[cd05-0020][01.49.00-01.57.00].ogg,,嘘だと思うなら、鏡見てみなさいな。ちょっと血色悪いけど、いつものあなたの顔があるわよ。
[cd05-0021][02.02.00-02.04.00].ogg,,これ、誰の顔?
[cd05-0022][02.04.00-02.11.00].ogg,,誰って?あなた自身の顔よ、もちろん。そんなことまで思い出せない?
[cd05-0023][02.11.00-02.14.00].ogg,,私、こんな顔知らない。
[cd05-0024][02.14.00-02.24.00].ogg,,こらこら、考え込まないの。熱が上がったら大変でしょ?あんまり無茶ばかりしてると、茹でて食べちゃうわよ。
[cd05-0025][02.24.00-02.26.00].ogg,,食べ!うっと…
[cd05-0026][02.27.00-02.30.00].ogg,,熱くまで、手にぎっていただけましょうか。
[cd05-0027][02.30.00-02.36.00].ogg,,その、あなたの言うアイセアは、愛されてるの?
[cd05-0028][02.36.00-02.38.00].ogg,,当たり前じゃないの。
[cd05-0029][02.38.00-02.45.00].ogg,,そっか…だったら私、アイセアでいいかな。
[cd05-0030][02.45.00-02.47.00].ogg,,眠れさ?
[cd05-0031][02.47.00-02.53.00].ogg,,気分は悪いけど、心地はいい。
[cd05-0032][02.53.00-03.03.00].ogg,,週末何してますか?忙しいですか?作ってもらっていいですか?スペシャルオーディオドラマ、アイセア。
[cd05-0033][03.09.00-03.18.00].ogg,,2日目は、困惑の日だった。熱はなかなか下がらず、意識も悪くなってしまった。
[cd05-0034][03.18.00-03.27.00].ogg,,それでも、ひとつだけ確信できることがあった。自分は今、とんでもなくおかしな状況にある。
[cd05-0035][03.31.00-03.40.00].ogg,,生体になりたての妖精にね、たまにいるんだって。急な変化に体が戸惑って、熱を出しちゃう子。
[cd05-0036][03.40.00-03.45.00].ogg,,でも、あなたみたいにそれで倒れちゃうってのは、なかなかないみたい。
[cd05-0037][03.45.00-03.54.00].ogg,,まぁ、寝てれば治るものなんだから、今はしっかり休みなさい。食欲はある?
[cd05-0038][03.54.00-03.57.00].ogg,,あとで食べやすいものを持ってきてあげる。
[cd05-0039][03.57.00-03.58.00].ogg,,うわ、あの…
[cd05-0040][03.58.00-03.59.00].ogg,,何?
[cd05-0041][03.59.00-04.02.00].ogg,,今年って、何年?
[cd05-0042][04.02.00-04.03.00].ogg,,435年よ。
[cd05-0043][04.03.00-04.04.00].ogg,,はぁ?
[cd05-0044][04.04.00-04.07.00].ogg,,あなたの誕生日まで、あとちょっと。
[cd05-0045][04.07.00-04.11.00].ogg,,誕生日…生まれた日?
[cd05-0046][04.11.00-04.16.00].ogg,,そう。ちゃんと元気になって、お祝いしないとね。
[cd05-0047][04.16.00-04.18.00].ogg,,祝う…
[cd05-0048][04.18.00-04.21.00].ogg,,それじゃ、ちゃんと寝てくれ。
[cd05-0049][04.21.00-04.22.00].ogg,,はい。
[cd05-0050][04.22.00-04.24.00].ogg,,お祝いしなさい。
[cd05-0051][04.24.00-04.26.00].ogg,,お祝いしなさい。
[cd05-0052][04.26.00-04.28.04].ogg,,お祝いしななら…
[cd05-0053][04.28.04-04.30.00].ogg,,あ、どお時間かしら。
[cd05-0054][04.30.00-04.31.00].ogg,,それはaye…
[cd05-0055][04.31.00-04.32.56].ogg,,アイトねえ。
[cd05-0056][04.32.56-04.54.58].ogg,,俺んっ、文字見付けた時に大事に信じた elder 名
[cd05-0057][04.54.58-05.01.08].ogg,,陸軍を守るために敵と戦って ずっと昔に死んだはずの妖精兵
[cd05-0058][05.01.08-05.06.60].ogg,,あの女の言う 愛せやとか言うことは別人だ
[cd05-0059][05.07.44-05.11.84].ogg,,その私が どうして生き延びてるのか
[cd05-0060][05.11.84-05.20.28].ogg,,私の知る妖精倉庫とはまるで違うこの部屋は何なのか 今の私の顔と体はどうやら
[cd05-0061][05.20.28-05.27.64].ogg,,愛せやとか言う子供のものによく似ているらしい なんでそんなことになっているのか
[cd05-0062][05.27.64-05.34.04].ogg,,そもそもその愛せや本人は今どこにいるのか 謎だらけだ
[cd05-0063][05.34.04-05.39.40].ogg,,手がかりの一つもつかまんことにゃ あちあち寝てもいられない
[cd05-0064][05.39.40-05.41.72].ogg,,うん
[cd05-0065][05.42.60-05.45.88].ogg,,日記か
[cd05-0066][05.45.96-05.49.40].ogg,,アイスやな
[cd05-0067][05.57.88-06.01.72].ogg,,ええ こんな子だったんだ
[cd05-0068][06.01.72-06.06.28].ogg,,自分の中だけで色々抱え込みがちで
[cd05-0069][06.06.64-06.10.12].ogg,,私とはだいぶ違うね
[cd05-0070][06.10.64-06.17.12].ogg,,愛せやねフレンだけどまだ起きてる ちょっと待て
[cd05-0071][06.18.40-06.25.48].ogg,,ナイグラートに頼まれてオートミール持ってきた 取り込み中いやー
[cd05-0072][06.25.48-06.30.12].ogg,,別にそういうわけじゃん 日記書いてた
[cd05-0073][06.30.12-06.36.20].ogg,,ああうん書いてたっていうか読んでたっていうか あっはぁ
[cd05-0074][06.36.24-06.43.24].ogg,,後にして今はちゃんと寝る食べる そして元気になること
[cd05-0075][06.43.24-06.46.96].ogg,,ほらベッドに戻って ああああああ
[cd05-0076][06.46.96-06.50.12].ogg,,大瀬の通り
[cd05-0077][06.51.48-06.56.04].ogg,,残さず食べるいただきます
[cd05-0078][06.56.60-06.59.04].ogg,,ほっ
[cd05-0079][06.59.08-07.06.48].ogg,,ん 病人専用特別レシピ心して食べるべき
[cd05-0080][07.07.36-07.11.48].ogg,,なんか甘くて うまいな
[cd05-0081][07.11.48-07.18.28].ogg,,ああいやうまいですね 変な愛せよ
[cd05-0082][07.18.28-07.20.88].ogg,,はっはっは
[cd05-0083][07.21.88-07.27.64].ogg,,3日目は 学習と演技の日だった
[cd05-0084][07.27.64-07.33.48].ogg,,この場所の主である本物の愛せやマイゼ バルガリスの日記を読んだ
[cd05-0085][07.33.48-07.37.64].ogg,,彼女はどうやら 明るくてやかましくて
[cd05-0086][07.37.64-07.42.76].ogg,,そしてあまり本心で話さないタイプの子であったらしい
[cd05-0087][07.43.76-07.45.76].ogg,,ん
[cd05-0088][07.46.12-07.50.68].ogg,,ああああああ 東家お姉さんのお見舞いだよ
[cd05-0089][07.50.68-07.59.64].ogg,,大人しく寝てるかいをあっと予想よりタフな反応 なんだ案外元気そうじゃない
[cd05-0090][07.59.64-08.09.24].ogg,,これああああああえっと そうすかねだいぶ熱出してるって聞いてだから結構心配してたんだけどねー
[cd05-0091][08.09.28-08.19.76].ogg,,ほらあんたって線が細いし儚い感じだし体力あんまなさそうだし 風もベネの無熱もずるずる長引きそうなタイプだし
[cd05-0092][08.19.76-08.27.40].ogg,,いやーまあ 妖精兵は動けなくなったらそれでお役ごめんですから熱が出てるくらいのことで
[cd05-0093][08.27.40-08.34.96].ogg,,あんまり寝込んでばかりもっとこーらこらあんまそういうこと言うとないぐらーとが なくでしょ
[cd05-0094][08.34.96-08.44.00].ogg,,私たちがこういう生活を送れるようになるまであいつがどんだけ頑張ってくれたと思ってんのさ ないぐらーと
[cd05-0095][08.44.00-08.49.52].ogg,,いわく 愛情に甘えんのは子供の義務ってことらしいわよ
[cd05-0096][08.49.52-08.59.76].ogg,,そこに関しちゃ私も同意件 やっと生態になれたからって気をってんのかもしれないけどあんまり一足とびに大人になろうとするもん
[cd05-0097][08.59.76-09.04.80].ogg,,じゃないよ 愛称に甘えるか
[cd05-0098][09.04.80-09.10.28].ogg,,ん どうしたああいやいやなんでもないですよ
[cd05-0099][09.10.28-09.16.00].ogg,,ん まあそんじゃおやすみ
[cd05-0100][09.18.28-09.29.08].ogg,,どうにもここの倉庫は調子が狂うねー と日記の続きを読む前に先に何か食うもんでも探してくるか
[cd05-0101][09.30.76-09.32.76].ogg,,ん
[cd05-0102][09.32.76-09.41.16].ogg,,ほら太り水が目早く運んでちょっと待ってねフレ これ重いんだから
[cd05-0103][09.41.16-09.49.08].ogg,,あれ愛せよん こんなところで何してるの君まだからだ治ってないんでしょ
[cd05-0104][09.49.08-09.57.40].ogg,,あっと 子腹が空いたのでちょっと何かつのみ食いはそんなの読んでくれれば誰かが持っていくから
[cd05-0105][09.57.40-10.05.48].ogg,,4人はちゃんと寝てなきゃダメじゃないのいやそれにはお呼ばない君ももう生態 妖精兵なんだから大人として
[cd05-0106][10.05.48-10.14.72].ogg,,ティアットたちに恥ずかしくないようにしなきゃいけないんだからねー ほらすぐに何か作ってきてあげるから君は戻って戻って
[cd05-0107][10.14.72-10.23.72].ogg,,くとりは真面目違うから君たちが不真面目なだけ 私普通だから
[cd05-0108][10.23.76-10.31.64].ogg,,くとりなにをああいやいい子だなってちょっと思っただけで
[cd05-0109][10.31.64-10.33.40].ogg,,えっ えっ
[cd05-0110][10.33.40-10.42.28].ogg,,なにをいきなり心配してくれたんだろう だからここはお言葉に甘えておくよ
[cd05-0111][10.42.28-10.46.04].ogg,,起きますよ うん
[cd05-0112][10.46.04-10.52.44].ogg,,愛せよんなんすかねフレン 何かあった
[cd05-0113][10.52.52-10.55.96].ogg,,ああえっと うん
[cd05-0114][10.55.96-10.59.40].ogg,,いや 別に何も
[cd05-0115][10.59.40-11.03.72].ogg,,そうじゃあ私はこれで
[cd05-0116][11.06.92-11.14.40].ogg,,何かあったかって聞かれりゃそりゃこれ以上ないほど大変なことの最中なんだけどねー てか
[cd05-0117][11.14.40-11.21.88].ogg,,本来だったらすぐに全部 管理者に報告すべきなんだろうけどさ
[cd05-0118][11.23.44-11.27.40].ogg,,ここは とても心地がいい
[cd05-0119][11.27.40-11.34.84].ogg,,もともと私が生きていた時代 レプラカーンにはまともな生活なんて許されてなかった
[cd05-0120][11.34.84-11.41.08].ogg,,誰かの愛情にただ甘えるなんてこと できるはずもなかった
[cd05-0121][11.41.08-11.44.80].ogg,,だから あと少しでいいから
[cd05-0122][11.44.80-11.49.72].ogg,,このままこの場所にいたい もう少しだけ
[cd05-0123][11.49.76-11.54.24].ogg,,この借り物の幸せに浸っていたい
[cd05-0124][11.55.28-11.59.72].ogg,,はぁ にしてもすごい数の日記
[cd05-0125][11.59.72-12.07.04].ogg,,これ全部一人で書いたってのかね噂の愛せやちゃんは そんでもって
[cd05-0126][12.07.04-12.12.64].ogg,,私をここに置いて どこに行っちゃったのかね
[cd05-0127][12.12.64-12.17.52].ogg,,4日目 薄々気づき始めていた
[cd05-0128][12.17.52-12.24.92].ogg,,私が愛せやの姿をしている理由 本物の愛せやがどこにもいない理由
[cd05-0129][12.24.92-12.30.20].ogg,,気づき始めていたけれど 気づいていないふりをして
[cd05-0130][12.30.20-12.36.04].ogg,,日記を読み進めた
[cd05-0131][12.37.12-12.42.44].ogg,,5日目 日記を読み進めた
[cd05-0132][12.43.44-12.46.88].ogg,,6日目 7日目
[cd05-0133][12.46.88-12.51.12].ogg,,日記を読み進めた そして
[cd05-0134][12.51.12-12.53.76].ogg,,知った
[cd05-0135][12.55.80-13.01.84].ogg,,日記の中 本物の愛せやの普通な叫びが綴られている
[cd05-0136][13.01.84-13.07.44].ogg,,物忘れが増えた 誰か他人の記憶が浮かぶ
[cd05-0137][13.07.44-13.12.24].ogg,,自分が薄れてきてる気がする 怖い
[cd05-0138][13.12.28-13.17.72].ogg,,訳がわからない なのに誰にも相談できない
[cd05-0139][13.17.72-13.25.40].ogg,,誰も信用できない 心の中の誰かが誰のことも信じてはいけないと訴えかけてくる
[cd05-0140][13.25.40-13.29.24].ogg,,私が消える
[cd05-0141][13.32.12-13.35.84].ogg,,これが 最後のページで
[cd05-0142][13.35.84-13.40.80].ogg,,先週の日付 ってことは
[cd05-0143][13.41.12-13.45.92].ogg,,やっぱりやれか この体はもともと
[cd05-0144][13.45.92-13.51.92].ogg,,本物の愛せやのものだ そしてその愛せやを
[cd05-0145][13.51.92-13.54.96].ogg,,私が消したんだ
[cd05-0146][13.54.96-13.59.80].ogg,,この体を奪って 私が
[cd05-0147][13.59.80-14.02.56].ogg,,殺したんだ
[cd05-0148][14.02.96-14.07.84].ogg,,何のとってちょっとカップ割っちゃったの
[cd05-0149][14.08.80-14.10.88].ogg,,うっと クトリー
[cd05-0150][14.10.88-14.15.20].ogg,,あちゃーそれ 東華のお気に入りだったやつだ
[cd05-0151][14.15.20-14.20.52].ogg,,破片危ないから君は動かないで うん
[cd05-0152][14.20.52-14.23.60].ogg,,ん? 何この赤いの?
[cd05-0153][14.23.60-14.28.48].ogg,,ってうわすごい血 君怪我してるじゃない
[cd05-0154][14.28.48-14.31.60].ogg,,お? あ本当だ
[cd05-0155][14.31.60-14.36.40].ogg,,カップのかけらで切ったんですかね 医務室で手当てしてきなさいよ
[cd05-0156][14.36.40-14.43.40].ogg,,床が汚れるし そういうのほっとくとまたナイグラートが悲しい顔するし
[cd05-0157][14.45.08-14.48.60].ogg,,このままほっといたら 死んじゃいますかね
[cd05-0158][14.48.60-14.52.72].ogg,,かもね だからほら その方がいいのかもね
[cd05-0159][14.52.72-14.59.92].ogg,,死んでたはずの私が生きてたはずの子を踏みつけにして 今ここにいる
[cd05-0160][14.59.92-15.03.24].ogg,,冗談じゃないよ 笑えない
[cd05-0161][15.03.28-15.08.00].ogg,,間違いは正さないといけない ちょっとアイセヤいきなりどうしたの?
[cd05-0162][15.08.00-15.13.88].ogg,,この子の心は今更取り戻せないとしても せめて私がここで消えれば
[cd05-0163][15.13.88-15.19.24].ogg,,死んだはずのものがちゃんと死ねば 間違いは半分だけでも取り戻せる
[cd05-0164][15.19.24-15.21.00].ogg,,ちょっとこら うわっ
[cd05-0165][15.21.00-15.26.28].ogg,,いきなり一人の世界で考え込んでないで 人の話聞きなさいってば
[cd05-0166][15.26.28-15.31.24].ogg,,ほらハンカチ 今すぐ血を止めて医務室に行く 早く
[cd05-0167][15.31.24-15.36.12].ogg,,でも でもじゃない でもここで手当てしてほんのちょっと長生きして
[cd05-0168][15.36.12-15.41.12].ogg,,それで何になるっていうのさ 本当に生きてるかどうかもよくわからない
[cd05-0169][15.41.12-15.47.08].ogg,,ちゃんと死ぬことすらできないとしたら ちゃんと生きることなんてできるはずもない
[cd05-0170][15.47.08-15.51.24].ogg,,そんな私らの人生に何の意味があるんだ
[cd05-0171][15.51.24-15.58.40].ogg,,え 何それ 少なくとも私にはこの先を生きる権利なんてものはない
[cd05-0172][15.58.40-16.06.64].ogg,,ここで朽ちて追われるならそっちの方が よくわからないけど君はここにいるじゃない
[cd05-0173][16.06.64-16.15.08].ogg,,生きてるとか死んでるとかよくわからないしどうでもいい でも君はちゃんとここにいるじゃない
[cd05-0174][16.15.08-16.21.04].ogg,,だからこれからもここにいていいのよ 多分
[cd05-0175][16.21.36-16.26.80].ogg,,はっはっはっは そうなんすかね
[cd05-0176][16.26.80-16.32.04].ogg,,ん? うーん多分そうなんじゃないかな
[cd05-0177][16.32.04-16.38.04].ogg,,よくわかってないけど アイセア君なんで泣いてるの
[cd05-0178][16.38.04-16.48.04].ogg,,あ、ほら 怪我してる手で涙とか拭いたら大変なことになるって あーもう大変なことになってるし
[cd05-0179][16.48.04-16.52.44].ogg,,くとり ハンカチ新しいハンカチはどこ?
[cd05-0180][16.52.44-16.56.32].ogg,,なに? やっぱあんた
[cd05-0181][16.56.32-16.58.92].ogg,,いい子っすね えっ
[cd05-0182][16.58.92-17.06.72].ogg,,そうそうかな あ、そういう場合じゃなくてハンカチ
[cd05-0183][17.11.20-17.16.60].ogg,,それから 2年ほどの時間が流れて
[cd05-0184][17.16.76-17.20.64].ogg,,はっはー 何笑ってるのアイセア
[cd05-0185][17.20.64-17.26.84].ogg,,ああいや思い出し笑いっすよ 昔のくとりは可愛かったなみたいな
[cd05-0186][17.26.84-17.33.16].ogg,,なにそれ 本当君って何考えてるかわかんない
[cd05-0187][17.33.16-17.39.04].ogg,,二人とも死後がそこまで 今は目の前の敵に集中して
[cd05-0188][17.39.04-17.44.32].ogg,,うーん今日のもまた息の良さそうなティメラスねー
[cd05-0189][17.44.44-17.52.60].ogg,,強いかな やっぱ まあ最悪の場合でも門を開くのは私の役目っすよ
[cd05-0190][17.52.60-17.59.64].ogg,,あのサイズのティメラなら私とバルガリスで十分お釣りが出る あー
[cd05-0191][17.59.64-18.09.20].ogg,,オッケーオーケー 今のは冗談本当にはやんないっすからその怖いねやめるっすよくとり 心臓に悪い
[cd05-0192][18.09.20-18.12.64].ogg,,そういう冗談嫌い
[cd05-0193][18.12.64-18.18.24].ogg,,本当この子は 私をなかなか消えさせてくれないねー
[cd05-0194][18.18.24-18.24.52].ogg,,二人ともお客様が待ってる空気読めない獣すねー
[cd05-0195][18.24.52-18.32.64].ogg,,よし決めたなんかもう心配とか色々全部これぶっ飛ばしてから考える
[cd05-0196][18.32.64-18.35.64].ogg,,うっはー
[cd05-0197][18.36.20-18.46.44].ogg,,ちょっとくとりあんまり前に出るもんじゃないですよ 曲たんまあもう私がフォローに入るから連はちょっと後ろから園後よろしくっすよ
[cd05-0198][18.46.44-18.53.92].ogg,,了解 本物の愛せやは幸せになれるはずの子だった
[cd05-0199][18.53.92-18.57.92].ogg,,その子 私が殺した
[cd05-0200][18.57.92-19.03.48].ogg,,私には幸せになる資格も 惜しまれる資格もない
[cd05-0201][19.03.48-19.06.84].ogg,,けれど だから
[cd05-0202][19.06.84-19.11.76].ogg,,せめて 愛せやが大切にしていた日々を
[cd05-0203][19.11.76-19.18.00].ogg,,愛せやが幸せにできたはずの姉妹たちを 私が代わりに
[cd05-0204][19.18.00-19.23.48].ogg,,この手で守っていこう そう決めた
[cd05-0205][19.23.48-19.29.20].ogg,,さあって今日もお仕事頑張っていきますかねぇ
[cd06-0000][00.00.00-00.05.00].ogg,,はいはいというわけで皆様おはようございます
[cd06-0001][00.05.00-00.09.00].ogg,,毎度おなじみという定裁でいきなりお送りします
[cd06-0002][00.09.00-00.11.00].ogg,,救ってもらっていいですか?
[cd06-0003][00.11.00-00.13.00].ogg,,ラジオのお時間がやってまいりました
[cd06-0004][00.13.00-00.14.00].ogg,,ちょっと待て!
[cd06-0005][00.14.00-00.21.00].ogg,,今回のお相手は私。500年前の地上でセニオリスぶん回しながら人類最強勇者とかやってました
[cd06-0006][00.21.00-00.22.00].ogg,,リーディア・アスプレイと
[cd06-0007][00.22.00-00.26.00].ogg,,こいつに引っ張り回されてた貧乏クジパーティーの1名
[cd06-0008][00.26.00-00.32.00].ogg,,後の大賢者となるスオンカンデルでお送りしまー…じゃなくて!
[cd06-0009][00.32.00-00.34.00].ogg,,何よさっきから
[cd06-0010][00.34.00-00.35.00].ogg,,いや何よじゃないだろ!
[cd06-0011][00.35.00-00.37.00].ogg,,なんなんだよこの客本!
[cd06-0012][00.37.00-00.38.00].ogg,,ラジオってなんだよ!
[cd06-0013][00.38.00-00.41.00].ogg,,僕たちの知ってていいものじゃないよな!
[cd06-0014][00.41.00-00.46.00].ogg,,一応曲がりなりにもファンタジーっぽい世界の住人として喋っていい言葉じゃないよな!
[cd06-0015][00.46.00-00.48.00].ogg,,うん、何を今更…
[cd06-0016][00.48.00-00.55.00].ogg,,言っとくけど、この特典ドラマシリーズ、ここまで半分くらいが世界観完全無視でやってきてんのよ
[cd06-0017][00.55.00-00.57.00].ogg,,ラジオネタだって2回目だし
[cd06-0018][00.57.00-01.00.00].ogg,,いや開き直るとこじゃないだろそれ!
[cd06-0019][01.00.00-01.03.00].ogg,,いいのいいの、監督さんにもちゃんと確認したし
[cd06-0020][01.03.00-01.08.00].ogg,,せっかく番外編最終回なんだし、楽屋落ち連打してもいいですか?って
[cd06-0021][01.08.00-01.12.00].ogg,,メタ発言遠慮ないな!さすがに隠せよそういうのは!
[cd06-0022][01.12.00-01.17.00].ogg,,い、いいですよって、すごく引きつった顔のオッケーもらった
[cd06-0023][01.17.00-01.20.00].ogg,,色々ダメじゃないか!遠慮とかしとけよそこは!
[cd06-0024][01.20.00-01.25.00].ogg,,本編の物悲しい余韻とか、そういうの全力でぶち壊したい
[cd06-0025][01.25.00-01.28.00].ogg,,なぜなら、私の出番あんまりなかったから!ね!
[cd06-0026][01.28.00-01.31.00].ogg,,遠い求めるなよ、どんな返事を期待してるんだよ!
[cd06-0027][01.31.00-01.34.00].ogg,,人生のりと思い切りが大事!
[cd06-0028][01.34.00-01.39.00].ogg,,半端な固定観念に縛られてるようじゃ、激動の終末時代は生き抜けないずえ?
[cd06-0029][01.39.00-01.44.00].ogg,,いやいや、どういう時代だよ!おかしいだろ!鉄道鉄道何もかもだ!
[cd06-0030][01.45.00-01.51.00].ogg,,もう、聞き分け悪いなぁ…しょうがない、ちょっとこっち来て
[cd06-0031][01.51.00-01.53.00].ogg,,おい、なんだよ、引っ張るなよ
[cd06-0032][01.53.00-01.58.00].ogg,,音声さんすみません、ちょっとだけマイクオフでお願いしまーす
[cd06-0033][01.58.00-02.04.00].ogg,,ガッ!うぅ…暴力反対…
[cd06-0034][02.06.00-02.11.00].ogg,,さーて、スウォンが静かになったところで、タイトルコール入りまーす!
[cd06-0035][02.12.00-02.15.00].ogg,,週末何してますか?忙しいですか?
[cd06-0036][02.15.00-02.17.00].ogg,,作ってもらっていいですか?
[cd06-0037][02.17.00-02.21.00].ogg,,スペシャルオーディオドラマ、作ってもらっていいですか?
[cd06-0038][02.28.00-02.32.00].ogg,,んーでは、さっそく今日のゲストをお呼びしてみましょう!
[cd06-0039][02.32.00-02.38.00].ogg,,この男がいなければ、話が始まらないし終わらない、時を越えても女泣かせ
[cd06-0040][02.38.00-02.44.00].ogg,,世界で一番罪な男カッコアタッシラベカッコトジー、500年後バージョンのビレムさん!
[cd06-0041][02.47.00-02.52.00].ogg,,ああ、しまったしまった、無理やり拉致してきた時に猿グツは噛ませてたの忘れてた
[cd06-0042][02.55.00-02.59.00].ogg,,はいはい、今取ってあげるからね、おとなしくしててね
[cd06-0043][03.03.00-03.07.00].ogg,,はい、というわけで、ゲストのビレムクメシさん
[cd06-0044][03.07.00-03.13.00].ogg,,最強勇者のお仲間の一人で、才能がなくて最強にちょっぴり足りなかった残念な人
[cd06-0045][03.13.00-03.19.00].ogg,,その辺細かい紹介は面倒くさいから省略しまして、では今のお気持ちを一言
[cd06-0046][03.20.00-03.21.00].ogg,,死ぬかと思った
[cd06-0047][03.21.00-03.26.00].ogg,,うんうん、大変な世界になってたもんね、500年後の空の上
[cd06-0048][03.26.00-03.28.00].ogg,,いやそっちの方の話じゃなくてだな
[cd06-0049][03.28.00-03.34.00].ogg,,最初は言葉も通じなかったんでしょ?よく無事に生きていけたわよね、生水飲んだりしなかった?
[cd06-0050][03.34.00-03.36.00].ogg,,サイズの合うパンツとか売ってた?
[cd06-0051][03.36.00-03.45.00].ogg,,なんだそりゃ、まあ言葉については通話術師を雇ったり言語理解のタリスマンを使ったりできたからそこまで苦労はなかったな
[cd06-0052][03.45.00-03.52.00].ogg,,ありゃー、なんか真面目な答え、身振り手振り尻尾振りで何とかしたみたいな答え期待してたのに
[cd06-0053][03.52.00-03.54.00].ogg,,ねえよ、特に尻尾はねえよ
[cd06-0054][03.54.00-03.56.00].ogg,,じゃあ生水は?パンツのサイズは?
[cd06-0055][03.56.00-04.02.00].ogg,,飲むわけねえし、そこで困りもしねえよ、そりゃ代償極端な連中も多かったけどな
[cd06-0056][04.02.00-04.06.00].ogg,,俺くらいの体格の奴らだってそれなりに済んでんだからな
[cd06-0057][04.06.00-04.09.00].ogg,,まあ、ケツのとこに穴が開いてんのは参ったけどよ
[cd06-0058][04.09.00-04.11.00].ogg,,やはり尻尾か、生やすたか
[cd06-0059][04.11.00-04.12.00].ogg,,生やさねえよ
[cd06-0060][04.14.00-04.24.00].ogg,,でもよかった、結構楽しそうにやってたみたいじゃない?いい出会いとかたくさんあったみたいだし、ちょっと心配してたんだぞ
[cd06-0061][04.24.00-04.25.00].ogg,,お、おお
[cd06-0062][04.25.00-04.26.00].ogg,,おう
[cd06-0063][04.26.00-04.37.00].ogg,,あんたほら人間関係不器用なとこあるし、人の行為から逃げようとするし、そのくせして貧乏くじはズルしてでも自分で引こうとするしさ
[cd06-0064][04.37.00-04.40.00].ogg,,そりゃまあそうなんだけどよ
[cd06-0065][04.40.00-04.44.00].ogg,,ん?どうしたの?そっぽんも言っちゃって
[cd06-0066][04.44.00-04.49.00].ogg,,お前がいたわるみたいな声出すと、なんか企まれてるみたいで落ち着かねえ
[cd06-0067][04.49.00-04.50.00].ogg,,ほう
[cd06-0068][04.50.00-04.55.00].ogg,,何かあるたびにひょいひょい手が出てくるくらいの方がいつものお前らしい
[cd06-0069][04.55.00-05.00.00].ogg,,ほう、そういうこと言うか、言っちゃうのかこの口は
[cd06-0070][05.00.00-05.01.00].ogg,,ういてぇ
[cd06-0071][05.01.00-05.07.00].ogg,,少の兄弟子の教育は妹ですの義務だからな、しょうがないな
[cd06-0072][05.07.00-05.13.00].ogg,,あたたたたた、いやいやこれガチで痛ぇぞ、関節どういう決め方してんだ
[cd06-0073][05.13.00-05.21.00].ogg,,正規勇者88の関節技のひとつだし、肉と骨があれば神様にだって決まるってお墨付きだし
[cd06-0074][05.21.00-05.24.00].ogg,,実際前に試した時には一歩は絵しおれたし
[cd06-0075][05.24.00-05.26.00].ogg,,適当いって
[cd06-0076][05.33.00-05.38.00].ogg,,はぁ、なんてことでしょう、また新たな犠牲者が出てしまった
[cd06-0077][05.38.00-05.43.00].ogg,,いくら私でも一人きりでは番組の進行に差し触りが出てしまう
[cd06-0078][05.43.00-05.46.00].ogg,,誰のせいだよ
[cd06-0079][05.46.00-05.47.00].ogg,,てぇい
[cd06-0080][05.47.00-05.55.00].ogg,,はいはい、そうは静かにしててね、というわけで2人目のゲストを呼んでみたいと思います
[cd06-0081][05.55.00-05.58.00].ogg,,なんだと、聞いてねえぞ
[cd06-0082][05.58.00-06.02.00].ogg,,うん、言ってなかったから、では特別ゲストのアルちゃん
[cd06-0083][06.02.00-06.04.00].ogg,,はーい
[cd06-0084][06.04.00-06.05.00].ogg,,アルマリアさん
[cd06-0085][06.05.00-06.07.00].ogg,,うわ、復活した
[cd06-0086][06.07.00-06.11.00].ogg,,というわけで、何とか楽しそうだったのでお呼ばれしました
[cd06-0087][06.11.00-06.16.00].ogg,,お父さんの娘のアルマリア・デュフナーです、今日はよろしくお願いします
[cd06-0088][06.16.00-06.20.00].ogg,,て、こらアル、怪しい人に声かけられてもほいほいついていくだって教えただろうが
[cd06-0089][06.20.00-06.24.00].ogg,,そいつの怪しさは人類最高峰から数えて堂々2番目だぞ
[cd06-0090][06.24.00-06.27.00].ogg,,そうですよ、自分を大事にしてください
[cd06-0091][06.27.00-06.29.00].ogg,,なんたら
[cd06-0092][06.29.00-06.34.00].ogg,,こら2人とも、仲良しなのは知ってるけど、それとこれとは別問題
[cd06-0093][06.34.00-06.38.00].ogg,,女の子を怪しい人呼ばれなんて感心しないんだから
[cd06-0094][06.38.00-06.41.00].ogg,,女の子
[cd06-0095][06.41.00-06.43.00].ogg,,女の子
[cd06-0096][06.43.00-06.47.00].ogg,,いわゆる女の子ってのは殺人級の感性沢山を使ったりはしない
[cd06-0097][06.47.00-06.49.00].ogg,,あれはなんだ
[cd06-0098][06.49.00-06.50.00].ogg,,てい
[cd06-0099][06.50.00-06.51.00].ogg,,ひぃ
[cd06-0100][06.51.00-06.52.00].ogg,,てぃ
[cd06-0101][06.52.00-06.54.00].ogg,,くっ
[cd06-0102][06.54.00-06.57.00].ogg,,何もないです
[cd06-0103][06.57.00-06.58.00].ogg,,ありゃ
[cd06-0104][06.58.00-07.04.00].ogg,,やっぱりアルちゃんはいい子だわ、うちにも一人欲しいわ
[cd06-0105][07.04.00-07.11.00].ogg,,あ、あの、なんかお父さんとスボン君泡吹いて倒れてるんですけど
[cd06-0106][07.11.00-07.17.00].ogg,,うんうん、さっき腹減ったとか言って石鹸食べてたからね、たぶんそのせいだね
[cd06-0107][07.17.00-07.22.00].ogg,,とりあえず邪魔だから、2人とも部屋の外に出しとこっか
[cd06-0108][07.22.00-07.24.00].ogg,,てい
[cd06-0109][07.24.00-07.26.00].ogg,,これでよし
[cd06-0110][07.26.00-07.32.00].ogg,,んじゃ、失礼な兄弟子のことはほっといて、お話しよ、お話
[cd06-0111][07.32.00-07.34.00].ogg,,あ、はい
[cd06-0112][07.39.00-07.44.00].ogg,,というわけで、改めましてアルちゃん、本編でまっ
[cd06-0113][07.44.00-07.49.00].ogg,,たくと言っていいくらい出番がなかった同士、よろしくお願いします
[cd06-0114][07.49.00-07.51.00].ogg,,あ、はい、よろしくお願いします
[cd06-0115][07.51.00-07.59.00].ogg,,うん、でもって、早速本題、ていうか、今日はこの話を聞きたくてアルちゃんを呼んだと言っても過言ではない
[cd06-0116][07.59.00-08.00.00].ogg,,おお
[cd06-0117][08.00.00-08.13.00].ogg,,まずほら、あたしらって物理的に過去の女なわけよね、んで、あたしらがくたばった500年後に、あのヴィレムはちゃっかに若い子といい感じになってたりするわけです
[cd06-0118][08.13.00-08.14.00].ogg,,みたいですね
[cd06-0119][08.14.00-08.22.00].ogg,,そのへんにつきまして、ギリというか、なりゆきの親子であるアルちゃんに、コメントをいただきたいですね
[cd06-0120][08.22.00-08.31.00].ogg,,どんな感じ?やっぱ若い子がいいのね、とか、あたしたちというものがありながら、とか
[cd06-0121][08.31.00-08.35.00].ogg,,うーん、そういうのとはちょっと違うんですけど
[cd06-0122][08.35.00-08.36.00].ogg,,うんうん
[cd06-0123][08.36.00-08.44.00].ogg,,ほら、うちのお父さんって、あんな感じな人だから、ちゃんと彼女とか作れるのかなーって結構不安だったんですよ
[cd06-0124][08.44.00-08.52.00].ogg,,甘えべたっていうか、余裕ないのに人のことばっかり考えてるとか、ねっかるの父親気質っていうか
[cd06-0125][08.52.00-08.56.00].ogg,,はは、やっぱりみうちの目から見てもそんななんだ
[cd06-0126][08.56.00-09.01.00].ogg,,そんななんです、だからお父さんなんです、お兄ちゃんとかじゃなくて
[cd06-0127][09.01.00-09.03.00].ogg,,そんな歳じゃないのにね
[cd06-0128][09.03.00-09.13.00].ogg,,だから、そんなお父さんが将来ちゃんと女の人を好きになってくれるっていうのがね、ちょっと驚きだし、ちょっと嬉しいかなって
[cd06-0129][09.13.00-09.18.00].ogg,,やっぱほら、娘として父親の幸せはそこはかとなく祈ってたし
[cd06-0130][09.18.00-09.27.00].ogg,,私、えーっと、父親だ娘だって言ったって字もつながってないし、歳はほとんど離れてないわけでしょ
[cd06-0131][09.27.00-09.33.00].ogg,,実は自分が恋人になる気だったとか、そういう気持ちもあったりは
[cd06-0132][09.33.00-09.35.00].ogg,,うん?全然?
[cd06-0133][09.35.00-09.36.00].ogg,,わお、断言した
[cd06-0134][09.36.00-09.43.00].ogg,,だってうちのお父さん、恋人より家族をとるタイプですし、それも筋金入りの
[cd06-0135][09.43.00-09.50.00].ogg,,私、今家族なのに恋人になっちゃったら扱い大幅ランクタウンですよ、ただの応存ですよ
[cd06-0136][09.50.00-09.53.00].ogg,,あー、あー、あー
[cd06-0137][09.53.00-10.02.00].ogg,,だから、そんなお父さんがちゃんと一人の女の子を選んだっていうのは、もう私の中で世界がひっくり返る級のビッグニュースなんですよ
[cd06-0138][10.02.00-10.10.00].ogg,,まあ、事実世界ひっくり返ったしね、でもそっか、うん
[cd06-0139][10.10.00-10.14.00].ogg,,あちゃん的にはそんな感じなのか、いろいろ納得
[cd06-0140][10.14.00-10.18.00].ogg,,そんな感じでした、リリアさんの方はどうです?
[cd06-0141][10.18.00-10.21.00].ogg,,私?私は別に何も
[cd06-0142][10.21.00-10.25.00].ogg,,本当にそうですか?私気になります
[cd06-0143][10.25.00-10.29.00].ogg,,いやいやいや、そんなまた怒られそうな感じに聞かれても
[cd06-0144][10.29.00-10.39.00].ogg,,そもそもあいつはただの兄でしたし、いや相当に出来の悪い兄でしたし、出来が悪いくせに兄貴風吹かせまくってるうっとうしい兄でしたし
[cd06-0145][10.39.00-10.47.00].ogg,,はー、誰とくっつこうとそんなに興味はないし、うん
[cd06-0146][10.47.00-10.58.00].ogg,,ああ、でも、あるちゃんたちがいなくなった後も、あいつがあいつらしく生きてたなら、確かにちょっとは気分いいかな
[cd06-0147][10.59.00-11.10.00].ogg,,ちゃんと家みたいな場所を作って、新しい家族みたいな子たちがいて、行ってきますって出かけてって、ただいまーって帰ってきて
[cd06-0148][11.10.00-11.15.00].ogg,,やっぱあいつはいつどんな時代にでも一人になっちゃいけない奴だし
[cd06-0149][11.15.00-11.17.00].ogg,,ふふふ
[cd06-0150][11.17.00-11.20.00].ogg,,ん?なに今の意味深な笑い方?
[cd06-0151][11.20.00-11.22.00].ogg,,んー、なんでもないでーす
[cd06-0152][11.23.00-11.31.00].ogg,,えいっとっとっとっと、くっそー関節あちこち思いっきり外しやがって
[cd06-0153][11.31.00-11.36.00].ogg,,とか言いながら、自力で復活できるんだな、あの状況から
[cd06-0154][11.36.00-11.43.00].ogg,,そりゃな、品質になった程度でいちいち死にかけてたら、リリアの兄弟子なんてやってらんねーぞ
[cd06-0155][11.43.00-11.46.00].ogg,,うん、何言ってんのか普通にわからない
[cd06-0156][11.46.00-11.52.00].ogg,,空が青いとか、市場で可愛い日焼を見たとか、そんな理由で飛び蹴りかましてくるからな
[cd06-0157][11.52.00-11.55.00].ogg,,それも一撃で城壁粉砕できる威力の奴
[cd06-0158][11.55.00-11.58.00].ogg,,色々おかしいだろ、あいつもお前も
[cd06-0159][11.58.00-12.03.00].ogg,,いや俺は普通だ、あいつと一緒のカテゴリには入れるな、人としての尊厳に関わる
[cd06-0160][12.03.00-12.08.00].ogg,,普通の奴が城壁粉砕キックなんてくらったら死ぬんだよな
[cd06-0161][12.08.00-12.12.00].ogg,,んで、あいつらちゃんと話できてんのか?
[cd06-0162][12.12.00-12.15.00].ogg,,えぇーうわ、それほんと?
[cd06-0163][12.15.00-12.17.00].ogg,,はぁー、カホゴだな
[cd06-0164][12.17.00-12.24.00].ogg,,ほんとですよ、私が他の男のこと話してるとすっごく不機嫌になるんです、うちのお父さん
[cd06-0165][12.24.00-12.31.00].ogg,,アールちゃんモテそうだからな、お父さんとしては変な男に引っかかりそうで怖いわけだ
[cd06-0166][12.31.00-12.37.00].ogg,,うふふふ、うーん、心配されてること自体は嬉しいんですけどね、ふふ
[cd06-0167][12.38.00-12.46.00].ogg,,うーん、扉越しじゃ何の話してるのかまでは聞こえねぇが、ま、楽しそうにしてるから良しとするか
[cd06-0168][12.46.00-12.47.00].ogg,,はぁー
[cd06-0169][12.47.00-12.48.00].ogg,,ん?
[cd06-0170][12.48.00-12.51.00].ogg,,アルマリアさん、やっぱ可憐だなぁ
[cd06-0171][12.51.00-12.53.00].ogg,,あいた!何すんだよいきなり!
[cd06-0172][12.53.00-12.56.00].ogg,,おっと悪い、手が滑った
[cd06-0173][12.56.00-13.01.00].ogg,,気をつけろよな、まったく、お前の拳も十分に危険なんだぞ
[cd06-0174][13.01.00-13.03.00].ogg,,ははははは
[cd06-0175][13.03.00-13.08.00].ogg,,ところでさ、アルマリアさんって好きな男とかいるのかな
[cd06-0176][13.09.00-13.11.00].ogg,,うおおおお!
[cd06-0177][13.11.00-13.16.00].ogg,,うっふん、おっとあれ足も滑った
[cd06-0178][13.16.00-13.21.00].ogg,,おま、ちょっと待て、この障壁は軽く城壁クラスの硬さが
[cd06-0179][13.22.00-13.23.00].ogg,,きゅう!
[cd06-0180][13.23.00-13.27.00].ogg,,すごい音しましたけど、何ですか今の
[cd06-0181][13.27.00-13.35.00].ogg,,うーん、さーてね、どこかの土屋の愛が、きょうも誰かに炸裂したんじゃないのかな
[cd06-0182][13.40.00-13.44.00].ogg,,さーて、そろそろお時間がやってまいりました
[cd06-0183][13.44.00-13.49.00].ogg,,いやー、喋った喋った、本編に出番のなかった払いせってわけじゃないけど
[cd06-0184][13.49.00-13.53.00].ogg,,やれやれ、やっと戻ってこれたと思ったな
[cd06-0185][13.53.00-13.56.00].ogg,,うぅ、頭にコブができた
[cd06-0186][13.56.00-13.58.00].ogg,,お前も大概感情だよな
[cd06-0187][13.58.00-14.03.00].ogg,,寂しいですが、今回はそろそろお別れということになります
[cd06-0188][14.03.00-14.08.00].ogg,,次は、週末何してますか?以下略2期のディスク購入特典のドラマCDで終わりましょう
[cd06-0189][14.08.00-14.10.00].ogg,,ちょっと待て!
[cd06-0190][14.10.00-14.12.00].ogg,,何を大声出して
[cd06-0191][14.12.00-14.16.00].ogg,,大声も出すっての、ドサクサマギレンにとんでもないこと言うな
[cd06-0192][14.16.00-14.19.00].ogg,,いろいろデリケートなんだぞその辺の話題は
[cd06-0193][14.19.00-14.22.00].ogg,,下手なこと言うと各方面から怒られるんだぞ
[cd06-0194][14.22.00-14.25.00].ogg,,えぇ、夢はでっかく持っとかないとでしょう
[cd06-0195][14.25.00-14.32.00].ogg,,関係者の○○とか○○○とか○○○とか、ぜひやりたいですねって言ってくださってたし
[cd06-0196][14.32.00-14.39.00].ogg,,はぁ、もう、あ、あ、すいません、あの、今の名前のところ編集で消しといてもらえますか
[cd06-0197][14.39.00-14.43.00].ogg,,あ、大丈夫、あ、大丈夫、わかりました、よろしくお願いします
[cd06-0198][14.43.00-14.50.00].ogg,,だから、夢を、ていうか妄想を、あたかも確定事項みたいに語るなって言ってるんだ
[cd06-0199][14.50.00-14.53.00].ogg,,いろんな人に迷惑がかかるから
[cd06-0200][14.53.00-14.58.00].ogg,,はぁ、スウォンがいると代わりに騒いでくれるから抱くできるな
[cd06-0201][14.58.00-15.02.00].ogg,,ふふふ、それでは皆様またお会いしましょう
[cd06-0202][15.02.00-15.04.00].ogg,,See you next time
[cd06-0203][15.04.00-15.06.00].ogg,,We will be back
[cd06-0204][15.06.00-15.09.00].ogg,,だからそういうのやめろって言ってんだ
[cd06-0205][15.13.00-15.19.00].ogg,,よし、お終り、はいはい、みんな転修、おうちに帰りましょう
[cd06-0206][15.21.00-15.23.00].ogg,,もう帰りー
[cd06-0207][15.23.00-15.28.00].ogg,,あ、どうしたんすか、議官、ぐったりして
[cd06-0208][15.28.00-15.31.00].ogg,,通りすがりのティメレにでも噛みつかれた
[cd06-0209][15.31.00-15.34.00].ogg,,そっちの方がまだマシだった
[cd06-0210][15.34.00-15.40.00].ogg,,ふん、どうせまた、いらないおせっかいしてトラブルとか抱えてきたんでしょ
[cd06-0211][15.40.00-15.43.00].ogg,,君って結局、いつだってそんな感じなんだから
[cd06-0212][15.43.00-15.48.00].ogg,,ああ、人を底抜けのお人差しみたいに言うなってまったく
[cd06-0213][15.48.00-15.52.00].ogg,,え、え、え
[cd06-0214][15.52.00-15.56.00].ogg,,な、なに、じろじろ見て
[cd06-0215][15.56.00-15.59.00].ogg,,くとり、だよな
[cd06-0216][15.59.00-16.02.00].ogg,,他の誰に見えるの
[cd06-0217][16.02.00-16.05.00].ogg,,それに、お前らも
[cd06-0218][16.05.00-16.07.00].ogg,,おい、なんすか
[cd06-0219][16.07.00-16.08.00].ogg,,ん?
[cd06-0220][16.08.00-16.12.00].ogg,,無事で、あや、でもどうして
[cd06-0221][16.12.00-16.14.00].ogg,,なによ
[cd06-0222][16.14.00-16.21.00].ogg,,そうか、楽屋内連打で本編の余韻を全力でぶち壊す番外編なら、そういうこともあるのか
[cd06-0223][16.21.00-16.25.00].ogg,,ていうか、リーリオのやつ、そこまで考えてこの茶番仕組んだんじゃねえだろうな
[cd06-0224][16.25.00-16.32.00].ogg,,ちょっと、もしもーし、人の顔を見たまま考え込まないで
[cd06-0225][16.32.00-16.35.00].ogg,,ああ、えーっとだな
[cd06-0226][16.35.00-16.37.00].ogg,,ふん、なに
[cd06-0227][16.37.00-16.41.00].ogg,,なんていうか、ただいま
[cd06-0228][16.41.00-16.43.00].ogg,,え?
[cd06-0229][16.43.00-16.45.00].ogg,,ああ
[cd06-0230][16.45.00-16.49.00].ogg,,うん、お帰りなさい
